id,flight agent,price,departure,arrival,duration,booking url
"13542-2208011700--32480-0-9320-2208012055",lolt,744.31 EUR,2022-08-01 17:00:00,2022-08-01 20:55:00,2.92,"https://skyscanner.com//transport_deeplink/4.0/MA/en-GB/EUR/lolt/1/13542.9320.2022-08-01/air/trava/flights?itinerary=flight|-32480|2796|13542|2022-08-01T17:00|9320|2022-08-01T20:55|175|-|-|-&carriers=-32480&operators=-32222&passengers=1&channel=website&cabin_class=economy&facilitated=false&fps_session_id=5637b307-9902-46e4-aa2c-4702a753f864&ticket_price=744.31&is_npt=false&is_multipart=false&client_id=skyscanner_website&request_id=fcedc591-f167-475d-bad8-789eb3fe47d8&q_ids=H4sIAAAAAAAAAOOS4mLJyc8pEWLmuKUixczxwkOhYf2c6WxGTAqMAHtqDQUcAAAA|-7120684947832185354|V3&q_sources=JACQUARD&commercial_filters=false&q_datetime_utc=2022-07-27T04:13:00&pqid=false"
"13542-2208011045--32221,-32222-1-9320-2208012055",gtfr,490.99 EUR,2022-08-01 10:45:00,2022-08-01 20:55:00,9.17,"https://skyscanner.com//transport_deeplink/4.0/MA/en-GB/EUR/gtfr/1/13542.9320.2022-08-01/air/trava/flights?itinerary=flight|-32221|3715|13542|2022-08-01T10:45|13870|2022-08-01T14:15|150|-|-|-;flight|-32222|8950|13870|2022-08-01T19:40|9320|2022-08-01T20:55|75|-|-|-&carriers=-32221,-32222&operators=-32221;-32639&passengers=1&channel=website&cabin_class=economy&facilitated=false&fps_session_id=5637b307-9902-46e4-aa2c-4702a753f864&ticket_price=490.99&is_npt=false&is_multipart=false&client_id=skyscanner_website&request_id=fcedc591-f167-475d-bad8-789eb3fe47d8&q_ids=H4sIAAAAAAAAAOOS4mJJL0krEmLmuKUixczxwkOhYf2c6WxGTAqMAPzpHpkcAAAA|1491149056500495767|V3&q_sources=JACQUARD&commercial_filters=false&q_datetime_utc=2022-07-27T04:13:00&pqid=true"
"13542-2208011045--32221-1-9320-2208020840",gtfr,498.99 EUR,2022-08-01 10:45:00,2022-08-02 08:40:00,20.92,"https://skyscanner.com//transport_deeplink/4.0/MA/en-GB/EUR/gtfr/1/13542.9320.2022-08-01/air/trava/flights?itinerary=flight|-32221|3715|13542|2022-08-01T10:45|13870|2022-08-01T14:15|150|-|-|-;flight|-32221|3866|13870|2022-08-02T07:25|9320|2022-08-02T08:40|75|-|-|-&carriers=-32221&operators=-32221;-32221&passengers=1&channel=website&cabin_class=economy&facilitated=false&fps_session_id=5637b307-9902-46e4-aa2c-4702a753f864&ticket_price=498.99&is_npt=false&is_multipart=false&client_id=skyscanner_website&request_id=fcedc591-f167-475d-bad8-789eb3fe47d8&q_ids=H4sIAAAAAAAAAOOS4mJJL0krEmLmuKUixczxwkOhYf2c6WxGTAqMAPzpHpkcAAAA|1461659230223892521|V3&q_sources=JACQUARD&commercial_filters=false&q_datetime_utc=2022-07-27T04:13:00&pqid=true"
"13554-2208010910--32332-1-9320-2208011740",skyp,488.0 EUR,2022-08-01 09:10:00,2022-08-01 17:40:00,7.50,"https://skyscanner.com//transport_deeplink/4.0/MA/en-GB/EUR/skyp/1/13554.9320.2022-08-01/air/trava/flights?itinerary=flight|-32332|2463|13554|2022-08-01T09:10|16577|2022-08-01T11:50|100|-|Y|-;flight|-32332|2670|16577|2022-08-01T14:45|9320|2022-08-01T17:40|175|-|Y|-&carriers=-32332&operators=-32332;-31506&passengers=1&channel=website&cabin_class=economy&facilitated=false&fps_session_id=5637b307-9902-46e4-aa2c-4702a753f864&ticket_price=488.00&is_npt=false&is_multipart=false&client_id=skyscanner_website&request_id=fcedc591-f167-475d-bad8-789eb3fe47d8&q_ids=H4sIAAAAAAAAAOOS4mIpzq4sEGLmuKUixczxwkOhYf2c6WxGTAqMACYGqGkcAAAA|5466893007606741394|V3&q_sources=JACQUARD&commercial_filters=false&q_datetime_utc=2022-07-27T04:13:00&pqid=true"
"13554-2208011305--32480,-32222-1-9320-2208012055",lolt,601.74 EUR,2022-08-01 13:05:00,2022-08-01 20:55:00,6.83,"https://skyscanner.com//transport_deeplink/4.0/MA/en-GB/EUR/lolt/1/13554.9320.2022-08-01/air/trava/flights?itinerary=flight|-32480|460|13554|2022-08-01T13:05|13870|2022-08-01T16:35|150|-|-|-;flight|-32222|8950|13870|2022-08-01T19:40|9320|2022-08-01T20:55|75|-|-|-&carriers=-32480,-32222&operators=-32480;-32639&passengers=1&channel=website&cabin_class=economy&facilitated=false&fps_session_id=5637b307-9902-46e4-aa2c-4702a753f864&ticket_price=601.74&is_npt=false&is_multipart=false&client_id=skyscanner_website&request_id=fcedc591-f167-475d-bad8-789eb3fe47d8&q_ids=H4sIAAAAAAAAAOOS4mLJyc8pEWLmuKUixczxwkOhYf2c6WxGTAqMAHtqDQUcAAAA|5008504517806409616|V3&q_sources=JACQUARD&commercial_filters=false&q_datetime_utc=2022-07-27T04:13:00&pqid=false"
"13554-2208011945--32677-1-9320-2208021150",lolt,747.91 EUR,2022-08-01 19:45:00,2022-08-02 11:50:00,15.08,"https://skyscanner.com//transport_deeplink/4.0/MA/en-GB/EUR/lolt/1/13554.9320.2022-08-01/air/trava/flights?itinerary=flight|-32677|1181|13554|2022-08-01T19:45|10413|2022-08-01T22:00|75|-|-|-;flight|-32677|9420|10413|2022-08-02T09:15|9320|2022-08-02T11:50|155|-|-|-&carriers=-32677&operators=-32677;-32677&passengers=1&channel=website&cabin_class=economy&facilitated=false&fps_session_id=5637b307-9902-46e4-aa2c-4702a753f864&ticket_price=747.91&is_npt=false&is_multipart=false&client_id=skyscanner_website&request_id=fcedc591-f167-475d-bad8-789eb3fe47d8&q_ids=H4sIAAAAAAAAAOOS4mLJyc8pEWLmuKUixczxwkOhYf2c6WxGTAqMAHtqDQUcAAAA|-7613125236600360579|V3&q_sources=JACQUARD&commercial_filters=false&q_datetime_utc=2022-07-27T04:13:00&pqid=false"
"13554-2208011810--32753-1-9320-2208022005",gtfr,531.99 EUR,2022-08-01 18:10:00,2022-08-02 20:05:00,24.92,"https://skyscanner.com//transport_deeplink/4.0/MA/en-GB/EUR/gtfr/1/13554.9320.2022-08-01/air/trava/flights?itinerary=flight|-32753|175|13554|2022-08-01T18:10|11154|2022-08-01T19:35|85|-|-|-;flight|-32753|586|11154|2022-08-02T16:10|9320|2022-08-02T20:05|175|-|-|-&carriers=-32753&operators=-32753;-32753&passengers=1&channel=website&cabin_class=economy&facilitated=false&fps_session_id=5637b307-9902-46e4-aa2c-4702a753f864&ticket_price=531.99&is_npt=false&is_multipart=false&client_id=skyscanner_website&request_id=fcedc591-f167-475d-bad8-789eb3fe47d8&q_ids=H4sIAAAAAAAAAOOS4mJJL0krEmLmuKUixczxwkOhYf2c6WxGTAqMAPzpHpkcAAAA|-2386695638402052205|V3&q_sources=JACQUARD&commercial_filters=false&q_datetime_utc=2022-07-27T04:13:00&pqid=true"
"13554-2208010720--32480,-32222-1-9320-2208011700",ctma,653.0 EUR,2022-08-01 07:20:00,2022-08-01 17:00:00,8.67,"https://skyscanner.com//transport_deeplink/4.0/MA/en-GB/EUR/ctma/1/13554.9320.2022-08-01/air/trava/flights?itinerary=flight|-32480|458|13554|2022-08-01T07:20|13870|2022-08-01T10:50|150|-|-|-;flight|-32222|8948|13870|2022-08-01T15:45|9320|2022-08-01T17:00|75|-|-|-&carriers=-32480,-32222&operators=-32480;-32639&passengers=1&channel=website&cabin_class=economy&facilitated=false&fps_session_id=5637b307-9902-46e4-aa2c-4702a753f864&ticket_price=653.00&is_npt=false&is_multipart=false&client_id=skyscanner_website&request_id=fcedc591-f167-475d-bad8-789eb3fe47d8&q_ids=H4sIAAAAAAAAAOOS4mJJLslNFGLmuKUixczxwkOhYf2c6WxGTAqMAOxs2UAcAAAA|-826453659723011816|V3&q_sources=JACQUARD&commercial_filters=false&q_datetime_utc=2022-07-27T04:13:00&pqid=true"
"13771-2208011745--30972-0-9320-2208012140",wizz,191.39 EUR,2022-08-01 17:45:00,2022-08-01 21:40:00,2.92,"https://skyscanner.com//transport_deeplink/4.0/MA/en-GB/EUR/wizz/1/13771.9320.2022-08-01/air/airli/flights?itinerary=flight|-30972|5123|13771|2022-08-01T17:45|9320|2022-08-01T21:40|175|-|-|Basic&carriers=-30972&operators=-30972&passengers=1&channel=website&cabin_class=economy&facilitated=false&fps_session_id=5637b307-9902-46e4-aa2c-4702a753f864&ticket_price=191.39&is_npt=false&is_multipart=false&client_id=skyscanner_website&request_id=fcedc591-f167-475d-bad8-789eb3fe47d8&q_ids=H4sIAAAAAAAAAOOS4mIpz6yqEmLmOJ0txczxwkOhYf2c6WxGTAqMACUtFSUcAAAA|1193370093647598924|V3&q_sources=JACQUARD&commercial_filters=false&q_datetime_utc=2022-07-27T04:13:00&pqid=false"
"13554-2208012030--31901-1-9320-2208020950",sasa,485.33 EUR,2022-08-01 20:30:00,2022-08-02 09:50:00,12.33,"https://skyscanner.com//transport_deeplink/4.0/MA/en-GB/EUR/sasa/1/13554.9320.2022-08-01/air/airli/flights?itinerary=flight|-31901|1508|13554|2022-08-01T20:30|10694|2022-08-01T23:20|110|EEOGHT|E|LEMEA;flight|-31901|6201|10694|2022-08-02T06:00|9320|2022-08-02T09:50|230|EEOGHT|E|LEMEA&carriers=-31901&operators=-31901;-31901&passengers=1&channel=website&cabin_class=economy&facilitated=false&fps_session_id=5637b307-9902-46e4-aa2c-4702a753f864&ticket_price=485.33&is_npt=false&is_multipart=false&client_id=skyscanner_website&request_id=fcedc591-f167-475d-bad8-789eb3fe47d8&q_ids=H4sIAAAAAAAAAOOS4mIpTixOFGLmuKUixczxwkOhYf2c6WxGTAqMABvoqsccAAAA|-7513812150024728390|V3&q_sources=JACQUARD&commercial_filters=false&q_datetime_utc=2022-07-27T04:13:00&pqid=false"
"16574-2208010810--31915-0-9320-2208011200",ebfc,340.16 EUR,2022-08-01 08:10:00,2022-08-01 12:00:00,2.83,"https://skyscanner.com//transport_deeplink/4.0/MA/en-GB/EUR/ebfc/1/16574.9320.2022-08-01/air/trava/flights?itinerary=flight|-31915|8162|16574|2022-08-01T08:10|9320|2022-08-01T12:00|170|-|-|-&carriers=-31915&operators=-31915&passengers=1&channel=website&cabin_class=economy&facilitated=false&fps_session_id=5637b307-9902-46e4-aa2c-4702a753f864&ticket_price=340.16&is_npt=false&is_multipart=false&client_id=skyscanner_website&request_id=fcedc591-f167-475d-bad8-789eb3fe47d8&q_ids=H4sIAAAAAAAAAOOS4mJJTUpLFmLmuKUixczxwkOhYf2c6WxGTAqMALdAo3gcAAAA|8793356155181043083|V3&q_sources=JACQUARD&commercial_filters=false&q_datetime_utc=2022-07-27T04:13:00&pqid=true"
"13542-2208011940--31685-0-9320-2208012320",ebfc,221.01 EUR,2022-08-01 19:40:00,2022-08-01 23:20:00,2.67,"https://skyscanner.com//transport_deeplink/4.0/MA/en-GB/EUR/ebfc/1/13542.9320.2022-08-01/air/trava/flights?itinerary=flight|-31685|6617|13542|2022-08-01T19:40|9320|2022-08-01T23:20|160|-|-|-&carriers=-31685&operators=-31685&passengers=1&channel=website&cabin_class=economy&facilitated=false&fps_session_id=5637b307-9902-46e4-aa2c-4702a753f864&ticket_price=221.01&is_npt=false&is_multipart=false&client_id=skyscanner_website&request_id=fcedc591-f167-475d-bad8-789eb3fe47d8&q_ids=H4sIAAAAAAAAAOOS4mJJTUpLFmLmuKUixczxwkOhYf2c6WxGTAqMALdAo3gcAAAA|4696583603381126355|V3&q_sources=JACQUARD&commercial_filters=false&q_datetime_utc=2022-07-27T04:13:00&pqid=true"
"13542-2208010905--32222-1-9320-2208011705",lolt,465.32 EUR,2022-08-01 09:05:00,2022-08-01 17:05:00,7.00,"https://skyscanner.com//transport_deeplink/4.0/MA/en-GB/EUR/lolt/1/13542.9320.2022-08-01/air/trava/flights?itinerary=flight|-32222|5771|13542|2022-08-01T09:05|9772|2022-08-01T12:20|135|-|-|-;flight|-32222|5191|9772|2022-08-01T15:25|9320|2022-08-01T17:05|100|-|-|-&carriers=-32222&operators=-31685;-31685&passengers=1&channel=website&cabin_class=economy&facilitated=false&fps_session_id=5637b307-9902-46e4-aa2c-4702a753f864&ticket_price=465.32&is_npt=false&is_multipart=false&client_id=skyscanner_website&request_id=fcedc591-f167-475d-bad8-789eb3fe47d8&q_ids=H4sIAAAAAAAAAOOS4mLJyc8pEWLmuKUixczxwkOhYf2c6WxGTAqMAHtqDQUcAAAA|-6844597167751916359|V3&q_sources=JACQUARD&commercial_filters=false&q_datetime_utc=2022-07-27T04:13:00&pqid=false"
"13554-2208011945--32480,-32221-1-9320-2208020840",lolt,601.74 EUR,2022-08-01 19:45:00,2022-08-02 08:40:00,11.92,"https://skyscanner.com//transport_deeplink/4.0/MA/en-GB/EUR/lolt/1/13554.9320.2022-08-01/air/trava/flights?itinerary=flight|-32480|7065|13554|2022-08-01T19:45|13870|2022-08-01T23:15|150|-|-|-;flight|-32221|3866|13870|2022-08-02T07:25|9320|2022-08-02T08:40|75|-|-|-&carriers=-32480,-32221&operators=-32222;-32221&passengers=1&channel=website&cabin_class=economy&facilitated=false&fps_session_id=5637b307-9902-46e4-aa2c-4702a753f864&ticket_price=601.74&is_npt=false&is_multipart=false&client_id=skyscanner_website&request_id=fcedc591-f167-475d-bad8-789eb3fe47d8&q_ids=H4sIAAAAAAAAAOOS4mLJyc8pEWLmuKUixczxwkOhYf2c6WxGTAqMAHtqDQUcAAAA|-4266839733225524235|V3&q_sources=JACQUARD&commercial_filters=false&q_datetime_utc=2022-07-27T04:13:00&pqid=false"
"13554-2208011810--32753-1-9320-2208021150",gtfr,722.99 EUR,2022-08-01 18:10:00,2022-08-02 11:50:00,16.67,"https://skyscanner.com//transport_deeplink/4.0/MA/en-GB/EUR/gtfr/1/13554.9320.2022-08-01/air/trava/flights?itinerary=flight|-32753|175|13554|2022-08-01T18:10|11154|2022-08-01T19:35|85|-|-|-;flight|-32753|582|11154|2022-08-02T07:40|9320|2022-08-02T11:50|190|-|-|-&carriers=-32753&operators=-32753;-32753&passengers=1&channel=website&cabin_class=economy&facilitated=false&fps_session_id=5637b307-9902-46e4-aa2c-4702a753f864&ticket_price=722.99&is_npt=false&is_multipart=false&client_id=skyscanner_website&request_id=fcedc591-f167-475d-bad8-789eb3fe47d8&q_ids=H4sIAAAAAAAAAOOS4mJJL0krEmLmuKUixczxwkOhYf2c6WxGTAqMAPzpHpkcAAAA|-1910361765251290233|V3&q_sources=JACQUARD&commercial_filters=false&q_datetime_utc=2022-07-27T04:13:00&pqid=true"
"13771-2208011210--32356-1-9320-2208012220",eapr,174.86 EUR,2022-08-01 12:10:00,2022-08-01 22:20:00,9.17,"https://skyscanner.com//transport_deeplink/4.0/MA/en-GB/EUR/eapr/1/13771.9320.2022-08-01/air/airli/flights?itinerary=flight|-32356|13|13771|2022-08-01T12:10|11235|2022-08-01T13:30|80|-|-|-;flight|-32356|6901|11235|2022-08-01T18:00|9320|2022-08-01T22:20|200|-|-|-&carriers=-32356&operators=-32356;-32356&passengers=1&channel=website&cabin_class=economy&facilitated=false&fps_session_id=5637b307-9902-46e4-aa2c-4702a753f864&ticket_price=174.86&is_npt=false&is_multipart=false&client_id=skyscanner_website&request_id=fcedc591-f167-475d-bad8-789eb3fe47d8&q_ids=H4sIAAAAAAAAAOOS4mJJTSwoEmLmuKUixczxwkOhYf2c6WxGTAqMADn4fgEcAAAA|7520394736595492601|V3&q_sources=JACQUARD&commercial_filters=false&q_datetime_utc=2022-07-27T04:13:32&transfer_protection=protected&pqid=false"
"13542-2208010905--31685-1-9320-2208011705",vuel,348.98 EUR,2022-08-01 09:05:00,2022-08-01 17:05:00,7.00,"https://skyscanner.com//transport_deeplink/4.0/MA/en-GB/EUR/vuel/1/13542.9320.2022-08-01/air/airli/flights?itinerary=flight|-31685|7831|13542|2022-08-01T09:05|9772|2022-08-01T12:20|135|MOWVYLB|M|Basic;flight|-31685|2121|9772|2022-08-01T15:25|9320|2022-08-01T17:05|100|FOWVYLB|F|Basic&carriers=-31685&operators=-31685;-31685&passengers=1&channel=website&cabin_class=economy&facilitated=false&fps_session_id=5637b307-9902-46e4-aa2c-4702a753f864&ticket_price=348.98&is_npt=false&is_multipart=false&client_id=skyscanner_website&request_id=fcedc591-f167-475d-bad8-789eb3fe47d8&q_ids=H4sIAAAAAAAAAOOS4mIpK03NEWLmeJYpxczxwkOhYf2c6WxGTAqMAFvdrtYcAAAA|4491430485086706070|V3&q_sources=JACQUARD&commercial_filters=false&q_datetime_utc=2022-07-27T04:13:00&pqid=false"
"13554-2208011945--32222-1-9320-2208022055",lolt,336.77 EUR,2022-08-01 19:45:00,2022-08-02 20:55:00,24.17,"https://skyscanner.com//transport_deeplink/4.0/MA/en-GB/EUR/lolt/1/13554.9320.2022-08-01/air/trava/flights?itinerary=flight|-32222|3179|13554|2022-08-01T19:45|13870|2022-08-01T23:15|150|-|-|-;flight|-32222|8950|13870|2022-08-02T19:40|9320|2022-08-02T20:55|75|-|-|-&carriers=-32222&operators=-32222;-32639&passengers=1&channel=website&cabin_class=economy&facilitated=false&fps_session_id=5637b307-9902-46e4-aa2c-4702a753f864&ticket_price=336.77&is_npt=false&is_multipart=false&client_id=skyscanner_website&request_id=fcedc591-f167-475d-bad8-789eb3fe47d8&q_ids=H4sIAAAAAAAAAOOS4mLJyc8pEWLmuKUixczxwkOhYf2c6WxGTAqMAHtqDQUcAAAA|-2546407845869983226|V3&q_sources=JACQUARD&commercial_filters=false&q_datetime_utc=2022-07-27T04:13:00&pqid=false"
"13542-2208012045--32013-1-9320-2208021035",skyp,376.0 EUR,2022-08-01 20:45:00,2022-08-02 10:35:00,12.83,"https://skyscanner.com//transport_deeplink/4.0/MA/en-GB/EUR/skyp/1/13542.9320.2022-08-01/air/trava/flights?itinerary=flight|-32013|1311|13542|2022-08-01T20:45|15093|2022-08-01T23:50|125|-|-|-;flight|-32013|1800|15093|2022-08-02T06:30|9320|2022-08-02T10:35|245|-|-|-&carriers=-32013&operators=-32013;-32013&passengers=1&channel=website&cabin_class=economy&facilitated=false&fps_session_id=5637b307-9902-46e4-aa2c-4702a753f864&ticket_price=376.00&is_npt=false&is_multipart=false&client_id=skyscanner_website&request_id=fcedc591-f167-475d-bad8-789eb3fe47d8&q_ids=H4sIAAAAAAAAAOOS4mIpzq4sEGLmuKUixczxwkOhYf2c6WxGTAqMACYGqGkcAAAA|9169635728726892132|V3&q_sources=JACQUARD&commercial_filters=false&q_datetime_utc=2022-07-27T04:13:00&pqid=true"
"16574-2208011215--32356,-31915-1-9320-2208012100",gtfr,180.99 EUR,2022-08-01 12:15:00,2022-08-01 21:00:00,7.75,"https://skyscanner.com//transport_deeplink/4.0/MA/en-GB/EUR/gtfr/1/16574.9320.2022-08-01/air/trava/flights?itinerary=flight|-32356|239|16574|2022-08-01T12:15|11235|2022-08-01T13:35|80|-|-|-;flight|-31915|6652|11235|2022-08-01T16:45|9320|2022-08-01T21:00|195|-|-|-&carriers=-32356,-31915&operators=-32356;-31915&passengers=1&channel=website&cabin_class=economy&facilitated=false&fps_session_id=5637b307-9902-46e4-aa2c-4702a753f864&ticket_price=180.99&is_npt=false&is_multipart=false&client_id=skyscanner_website&request_id=fcedc591-f167-475d-bad8-789eb3fe47d8&q_ids=H4sIAAAAAAAAAOOS4mJJL0krEmLmuKUixczxwkOhYf2c6WxGTAqMAPzpHpkcAAAA|-1851365561462193022|V3&q_sources=JACQUARD&commercial_filters=false&q_datetime_utc=2022-07-27T04:13:00&transfer_protection=protected&pqid=true"
"13542-2208011810--31734-2-9320-2208021055",gtfr,1362.99 EUR,2022-08-01 18:10:00,2022-08-02 10:55:00,15.75,"https://skyscanner.com//transport_deeplink/4.0/MA/en-GB/EUR/gtfr/1/13542.9320.2022-08-01/air/trava/flights?itinerary=flight|-31734|4112|13542|2022-08-01T18:10|11039|2022-08-02T00:25|255|-|-|-;flight|-31734|2573|11039|2022-08-02T03:30|12585|2022-08-02T04:55|85|-|-|-;flight|-31734|1305|12585|2022-08-02T07:20|9320|2022-08-02T10:55|275|-|-|-&carriers=-31734&operators=-31734;-31734;-31734&passengers=1&channel=website&cabin_class=economy&facilitated=false&fps_session_id=5637b307-9902-46e4-aa2c-4702a753f864&ticket_price=1362.99&is_npt=false&is_multipart=false&client_id=skyscanner_website&request_id=fcedc591-f167-475d-bad8-789eb3fe47d8&q_ids=H4sIAAAAAAAAAOOS4mJJL0krEmLmuKUixczxwkOhYf2c6WxGTAqMAPzpHpkcAAAA|-1979447086794243509|V3&q_sources=JACQUARD&commercial_filters=false&q_datetime_utc=2022-07-27T04:13:00&pqid=true"
"13542-2208010640--30972-0-9320-2208011025",wizz,242.51 EUR,2022-08-01 06:40:00,2022-08-01 10:25:00,2.75,"https://skyscanner.com//transport_deeplink/4.0/MA/en-GB/EUR/wizz/1/13542.9320.2022-08-01/air/airli/flights?itinerary=flight|-30972|5723|13542|2022-08-01T06:40|9320|2022-08-01T10:25|165|-|-|Basic&carriers=-30972&operators=-30972&passengers=1&channel=website&cabin_class=economy&facilitated=false&fps_session_id=5637b307-9902-46e4-aa2c-4702a753f864&ticket_price=242.51&is_npt=false&is_multipart=false&client_id=skyscanner_website&request_id=fcedc591-f167-475d-bad8-789eb3fe47d8&q_ids=H4sIAAAAAAAAAOOS4mIpz6yqEmLmeJYpxczxwkOhYf2c6WxGTAqMAK6ZqJ4cAAAA|5501172838712433189|V3&q_sources=JACQUARD&commercial_filters=false&q_datetime_utc=2022-07-27T04:13:00&pqid=false"
"13771-2208011355--32356-1-9320-2208012220",eapr,189.21 EUR,2022-08-01 13:55:00,2022-08-01 22:20:00,7.42,"https://skyscanner.com//transport_deeplink/4.0/MA/en-GB/EUR/eapr/1/13771.9320.2022-08-01/air/airli/flights?itinerary=flight|-32356|15|13771|2022-08-01T13:55|11235|2022-08-01T15:15|80|-|-|-;flight|-32356|6901|11235|2022-08-01T18:00|9320|2022-08-01T22:20|200|-|-|-&carriers=-32356&operators=-32356;-32356&passengers=1&channel=website&cabin_class=economy&facilitated=false&fps_session_id=5637b307-9902-46e4-aa2c-4702a753f864&ticket_price=189.21&is_npt=false&is_multipart=false&client_id=skyscanner_website&request_id=fcedc591-f167-475d-bad8-789eb3fe47d8&q_ids=H4sIAAAAAAAAAOOS4mJJTSwoEmLmuKUixczxwkOhYf2c6WxGTAqMADn4fgEcAAAA|-8703439245885030405|V3&q_sources=JACQUARD&commercial_filters=false&q_datetime_utc=2022-07-27T04:13:32&transfer_protection=protected&pqid=false"
"13554-2208011130--32222-1-9320-2208012055",gtfr,648.99 EUR,2022-08-01 11:30:00,2022-08-01 20:55:00,8.42,"https://skyscanner.com//transport_deeplink/4.0/MA/en-GB/EUR/gtfr/1/13554.9320.2022-08-01/air/trava/flights?itinerary=flight|-32222|3169|13554|2022-08-01T11:30|13870|2022-08-01T15:00|150|-|-|-;flight|-32222|8950|13870|2022-08-01T19:40|9320|2022-08-01T20:55|75|-|-|-&carriers=-32222&operators=-32222;-32639&passengers=1&channel=website&cabin_class=economy&facilitated=false&fps_session_id=5637b307-9902-46e4-aa2c-4702a753f864&ticket_price=648.99&is_npt=false&is_multipart=false&client_id=skyscanner_website&request_id=fcedc591-f167-475d-bad8-789eb3fe47d8&q_ids=H4sIAAAAAAAAAOOS4mJJL0krEmLmuKUixczxwkOhYf2c6WxGTAqMAPzpHpkcAAAA|-6682354813834210648|V3&q_sources=JACQUARD&commercial_filters=false&q_datetime_utc=2022-07-27T04:13:00&pqid=true"
"13465-2208010645--32753-1-9320-2208011550",mtfr,964.99 EUR,2022-08-01 06:45:00,2022-08-01 15:50:00,8.08,"https://skyscanner.com//transport_deeplink/4.0/MA/en-GB/EUR/mtfr/1/13465.9320.2022-08-01/air/trava/flights?itinerary=flight|-32753|8360|13465|2022-08-01T06:45|11154|2022-08-01T08:05|80|-|-|-;flight|-32753|584|11154|2022-08-01T11:45|9320|2022-08-01T15:50|185|-|-|-&carriers=-32753&operators=-32528;-32753&passengers=1&channel=website&cabin_class=economy&facilitated=false&fps_session_id=5637b307-9902-46e4-aa2c-4702a753f864&ticket_price=964.99&is_npt=false&is_multipart=false&client_id=skyscanner_website&request_id=fcedc591-f167-475d-bad8-789eb3fe47d8&q_ids=H4sIAAAAAAAAAOOS4mLJLUkrEmLmuKUixczxwkOhYf2c6WxGTAqMAE0ZKJIcAAAA|-5297565560246418409|V3&q_sources=JACQUARD&commercial_filters=false&q_datetime_utc=2022-07-27T04:13:00&pqid=true"
"13542-2208012145--32222-1-9320-2208020830",lolt,347.13 EUR,2022-08-01 21:45:00,2022-08-02 08:30:00,9.75,"https://skyscanner.com//transport_deeplink/4.0/MA/en-GB/EUR/lolt/1/13542.9320.2022-08-01/air/trava/flights?itinerary=flight|-32222|5769|13542|2022-08-01T21:45|9772|2022-08-02T01:00|135|-|-|-;flight|-32222|5185|9772|2022-08-02T06:50|9320|2022-08-02T08:30|100|-|-|-&carriers=-32222&operators=-31685;-31685&passengers=1&channel=website&cabin_class=economy&facilitated=false&fps_session_id=5637b307-9902-46e4-aa2c-4702a753f864&ticket_price=347.13&is_npt=false&is_multipart=false&client_id=skyscanner_website&request_id=fcedc591-f167-475d-bad8-789eb3fe47d8&q_ids=H4sIAAAAAAAAAOOS4mLJyc8pEWLmuKUixczxwkOhYf2c6WxGTAqMAHtqDQUcAAAA|-8169471272587969785|V3&q_sources=JACQUARD&commercial_filters=false&q_datetime_utc=2022-07-27T04:13:00&pqid=false"
"13554-2208011945--32222,-32221-1-9320-2208020840",lolt,329.72 EUR,2022-08-01 19:45:00,2022-08-02 08:40:00,11.92,"https://skyscanner.com//transport_deeplink/4.0/MA/en-GB/EUR/lolt/1/13554.9320.2022-08-01/air/trava/flights?itinerary=flight|-32222|3179|13554|2022-08-01T19:45|13870|2022-08-01T23:15|150|-|-|-;flight|-32221|3866|13870|2022-08-02T07:25|9320|2022-08-02T08:40|75|-|-|-&carriers=-32222,-32221&operators=-32222;-32221&passengers=1&channel=website&cabin_class=economy&facilitated=false&fps_session_id=5637b307-9902-46e4-aa2c-4702a753f864&ticket_price=329.72&is_npt=false&is_multipart=false&client_id=skyscanner_website&request_id=fcedc591-f167-475d-bad8-789eb3fe47d8&q_ids=H4sIAAAAAAAAAOOS4mLJyc8pEWLmuKUixczxwkOhYf2c6WxGTAqMAHtqDQUcAAAA|7588507398297159488|V3&q_sources=JACQUARD&commercial_filters=false&q_datetime_utc=2022-07-27T04:13:00&pqid=false"
"13542-2208011255--32222-1-9320-2208012230",lolt,405.28 EUR,2022-08-01 12:55:00,2022-08-01 22:30:00,8.58,"https://skyscanner.com//transport_deeplink/4.0/MA/en-GB/EUR/lolt/1/13542.9320.2022-08-01/air/trava/flights?itinerary=flight|-32222|5773|13542|2022-08-01T12:55|9772|2022-08-01T16:10|135|-|-|-;flight|-32222|5189|9772|2022-08-01T20:50|9320|2022-08-01T22:30|100|-|-|-&carriers=-32222&operators=-31685;-31685&passengers=1&channel=website&cabin_class=economy&facilitated=false&fps_session_id=5637b307-9902-46e4-aa2c-4702a753f864&ticket_price=405.28&is_npt=false&is_multipart=false&client_id=skyscanner_website&request_id=fcedc591-f167-475d-bad8-789eb3fe47d8&q_ids=H4sIAAAAAAAAAOOS4mLJyc8pEWLmuKUixczxwkOhYf2c6WxGTAqMAHtqDQUcAAAA|-3834819873765007634|V3&q_sources=JACQUARD&commercial_filters=false&q_datetime_utc=2022-07-27T04:13:00&pqid=false"
"13554-2208011645--32119-1-9320-2208021400",bgma,2430.0 EUR,2022-08-01 16:45:00,2022-08-02 14:00:00,20.25,"https://skyscanner.com//transport_deeplink/4.0/MA/en-GB/EUR/bgma/1/13554.9320.2022-08-01/air/trava/flights?itinerary=flight|-32119|102|13554|2022-08-01T16:45|13344|2022-08-02T00:40|355|-|-|-;flight|-32119|121|13344|2022-08-02T08:00|9320|2022-08-02T14:00|420|-|-|-&carriers=-32119&operators=-32119;-32119&passengers=1&channel=website&cabin_class=economy&facilitated=false&fps_session_id=5637b307-9902-46e4-aa2c-4702a753f864&ticket_price=2430.00&is_npt=false&is_multipart=false&client_id=skyscanner_website&request_id=fcedc591-f167-475d-bad8-789eb3fe47d8&q_ids=H4sIAAAAAAAAAOOS4mJJSs9NFGLmuKUixczxwkOhYf2c6WxGTAqMALq2a7YcAAAA|1371144009143984198|V3&q_sources=JACQUARD&commercial_filters=false&q_datetime_utc=2022-07-27T04:13:00&pqid=true"
"16574-2208011540--31734-1-9320-2208021055",turk,1682.67 EUR,2022-08-01 15:40:00,2022-08-02 10:55:00,18.25,"https://skyscanner.com//transport_deeplink/4.0/MA/en-GB/EUR/turk/1/16574.9320.2022-08-01/air/airli/flights?itinerary=flight|-31734|7821|16574|2022-08-01T15:40|16096|2022-08-01T21:20|220|YHYSAJRR|Y|JR;flight|-31734|1305|12585|2022-08-02T07:20|9320|2022-08-02T10:55|275|YHTCLR|Y|CL&carriers=-31734&operators=-32570;-31734&passengers=1&channel=website&cabin_class=economy&facilitated=false&fps_session_id=5637b307-9902-46e4-aa2c-4702a753f864&ticket_price=1682.67&is_npt=false&is_multipart=false&client_id=skyscanner_website&request_id=fcedc591-f167-475d-bad8-789eb3fe47d8&q_ids=H4sIAAAAAAAAAOOS4mIpKS3KFmLmuKUixczxwkOhYf2c6WxGTAqMAHiUgiEcAAAA|-7134058750650001960|V3&q_sources=JACQUARD&commercial_filters=false&q_datetime_utc=2022-07-27T03:38:00&pqid=false"
"13771-2208010630--32356-0-9320-2208011015",invo,290.63 EUR,2022-08-01 06:30:00,2022-08-01 10:15:00,2.75,"https://skyscanner.com//transport_deeplink/4.0/MA/en-GB/EUR/invo/1/13771.9320.2022-08-01/air/trava/flights?itinerary=flight|-32356|2405|13771|2022-08-01T06:30|9320|2022-08-01T10:15|165|-|-|-&carriers=-32356&operators=-32356&passengers=1&channel=website&cabin_class=economy&facilitated=false&fps_session_id=5637b307-9902-46e4-aa2c-4702a753f864&ticket_price=290.63&is_npt=false&is_multipart=false&client_id=skyscanner_website&request_id=fcedc591-f167-475d-bad8-789eb3fe47d8&q_ids=H4sIAAAAAAAAAOOS4mLJzCvLF2LmOJ0txczxwkOhYf2c6WxGTAqMAJGE0m0cAAAA|-5288232609395871761|V3&q_sources=JACQUARD&commercial_filters=false&q_datetime_utc=2022-07-27T04:13:00&pqid=false"
"13542-2208012145--32222-1-9320-2208022335",mtfr,337.99 EUR,2022-08-01 21:45:00,2022-08-02 23:35:00,24.83,"https://skyscanner.com//transport_deeplink/4.0/MA/en-GB/EUR/mtfr/1/13542.9320.2022-08-01/air/trava/flights?itinerary=flight|-32222|5769|13542|2022-08-01T21:45|9772|2022-08-02T01:00|135|-|-|-;flight|-32222|5183|9772|2022-08-02T21:55|9320|2022-08-02T23:35|100|-|-|-&carriers=-32222&operators=-31685;-31685&passengers=1&channel=website&cabin_class=economy&facilitated=false&fps_session_id=5637b307-9902-46e4-aa2c-4702a753f864&ticket_price=337.99&is_npt=false&is_multipart=false&client_id=skyscanner_website&request_id=fcedc591-f167-475d-bad8-789eb3fe47d8&q_ids=H4sIAAAAAAAAAOOS4mLJLUkrEmLmuKUixczxwkOhYf2c6WxGTAqMAE0ZKJIcAAAA|6416528147725511100|V3&q_sources=JACQUARD&commercial_filters=false&q_datetime_utc=2022-07-27T04:13:00&pqid=true"
"13542-2208012010--32753-1-9320-2208022005",gtfr,525.99 EUR,2022-08-01 20:10:00,2022-08-02 20:05:00,22.92,"https://skyscanner.com//transport_deeplink/4.0/MA/en-GB/EUR/gtfr/1/13542.9320.2022-08-01/air/trava/flights?itinerary=flight|-32753|245|13542|2022-08-01T20:10|11154|2022-08-01T21:35|85|-|-|-;flight|-32753|586|11154|2022-08-02T16:10|9320|2022-08-02T20:05|175|-|-|-&carriers=-32753&operators=-32753;-32753&passengers=1&channel=website&cabin_class=economy&facilitated=false&fps_session_id=5637b307-9902-46e4-aa2c-4702a753f864&ticket_price=525.99&is_npt=false&is_multipart=false&client_id=skyscanner_website&request_id=fcedc591-f167-475d-bad8-789eb3fe47d8&q_ids=H4sIAAAAAAAAAOOS4mJJL0krEmLmuKUixczxwkOhYf2c6WxGTAqMAPzpHpkcAAAA|-3618790341830324241|V3&q_sources=JACQUARD&commercial_filters=false&q_datetime_utc=2022-07-27T04:13:00&pqid=true"
"13465-2208011420--32480,-32222-1-9320-2208012100",lolt,620.38 EUR,2022-08-01 14:20:00,2022-08-01 21:00:00,5.67,"https://skyscanner.com//transport_deeplink/4.0/MA/en-GB/EUR/lolt/1/13465.9320.2022-08-01/air/trava/flights?itinerary=flight|-32480|8465|13465|2022-08-01T14:20|12404|2022-08-01T17:45|145|-|-|-;flight|-32222|8460|12404|2022-08-01T19:00|9320|2022-08-01T21:00|120|-|-|-&carriers=-32480,-32222&operators=-32528;-32639&passengers=1&channel=website&cabin_class=economy&facilitated=false&fps_session_id=5637b307-9902-46e4-aa2c-4702a753f864&ticket_price=620.38&is_npt=false&is_multipart=false&client_id=skyscanner_website&request_id=fcedc591-f167-475d-bad8-789eb3fe47d8&q_ids=H4sIAAAAAAAAAOOS4mLJyc8pEWLmuKUixczxwkOhYf2c6WxGTAqMAHtqDQUcAAAA|4832942734750084946|V3&q_sources=JACQUARD&commercial_filters=false&q_datetime_utc=2022-07-27T04:13:00&pqid=false"
"13542-2208012010--32753-1-9320-2208021150",gtfr,744.99 EUR,2022-08-01 20:10:00,2022-08-02 11:50:00,14.67,"https://skyscanner.com//transport_deeplink/4.0/MA/en-GB/EUR/gtfr/1/13542.9320.2022-08-01/air/trava/flights?itinerary=flight|-32753|245|13542|2022-08-01T20:10|11154|2022-08-01T21:35|85|-|-|-;flight|-32753|582|11154|2022-08-02T07:40|9320|2022-08-02T11:50|190|-|-|-&carriers=-32753&operators=-32753;-32753&passengers=1&channel=website&cabin_class=economy&facilitated=false&fps_session_id=5637b307-9902-46e4-aa2c-4702a753f864&ticket_price=744.99&is_npt=false&is_multipart=false&client_id=skyscanner_website&request_id=fcedc591-f167-475d-bad8-789eb3fe47d8&q_ids=H4sIAAAAAAAAAOOS4mJJL0krEmLmuKUixczxwkOhYf2c6WxGTAqMAPzpHpkcAAAA|-6278637716087068839|V3&q_sources=JACQUARD&commercial_filters=false&q_datetime_utc=2022-07-27T04:13:00&pqid=true"
"13554-2208011350--32753-1-9320-2208012300",gtfr,688.99 EUR,2022-08-01 13:50:00,2022-08-01 23:00:00,8.17,"https://skyscanner.com//transport_deeplink/4.0/MA/en-GB/EUR/gtfr/1/13554.9320.2022-08-01/air/trava/flights?itinerary=flight|-32753|715|13554|2022-08-01T13:50|15069|2022-08-01T15:10|80|-|-|-;flight|-32753|886|15069|2022-08-01T19:15|9320|2022-08-01T23:00|165|-|-|-&carriers=-32753&operators=-32753;-32753&passengers=1&channel=website&cabin_class=economy&facilitated=false&fps_session_id=5637b307-9902-46e4-aa2c-4702a753f864&ticket_price=688.99&is_npt=false&is_multipart=false&client_id=skyscanner_website&request_id=fcedc591-f167-475d-bad8-789eb3fe47d8&q_ids=H4sIAAAAAAAAAOOS4mJJL0krEmLmuKUixczxwkOhYf2c6WxGTAqMAPzpHpkcAAAA|8684737738286487365|V3&q_sources=JACQUARD&commercial_filters=false&q_datetime_utc=2022-07-27T04:13:00&pqid=true"
"13465-2208011400--32222-1-9320-2208012100",iber,841.69 EUR,2022-08-01 14:00:00,2022-08-01 21:00:00,6.00,"https://skyscanner.com//transport_deeplink/4.0/MA/en-GB/EUR/iber/1/13465.9320.2022-08-01/air/airli/flights?itinerary=flight|-32222|7690|13465|2022-08-01T14:00|12404|2022-08-01T17:25|145|HV2NO|H|TREUKES;flight|-32222|8460|12404|2022-08-01T19:00|9320|2022-08-01T21:00|120|YD|Y|TFLUKES&carriers=-32222&operators=-32528;-32639&passengers=1&channel=website&cabin_class=economy&facilitated=false&fps_session_id=5637b307-9902-46e4-aa2c-4702a753f864&ticket_price=841.69&is_npt=false&is_multipart=false&client_id=skyscanner_website&request_id=fcedc591-f167-475d-bad8-789eb3fe47d8&q_ids=H4sIAAAAAAAAAOOS4mLJTEotEmLmuKUixczxwkOhYf2c6WxGTAqMAGTe7i4cAAAA|8942817310064119604|V3&q_sources=JACQUARD&commercial_filters=false&q_datetime_utc=2022-07-27T04:13:00&pqid=false"
"13554-2208012155--32339-2-9320-2208030925",mtfr,5666.99 EUR,2022-08-01 21:55:00,2022-08-03 09:25:00,34.50,"https://skyscanner.com//transport_deeplink/4.0/MA/en-GB/EUR/mtfr/1/13554.9320.2022-08-01/air/trava/flights?itinerary=flight|-32339|18|13554|2022-08-01T21:55|9618|2022-08-02T07:40|405|-|-|-;flight|-32339|46|9618|2022-08-03T00:55|13870|2022-08-03T06:45|470|-|-|-;flight|-32339|46|13870|2022-08-03T08:10|9320|2022-08-03T09:25|75|-|-|-&carriers=-32339&operators=-32339;-32339;-32339&passengers=1&channel=website&cabin_class=economy&facilitated=false&fps_session_id=5637b307-9902-46e4-aa2c-4702a753f864&ticket_price=5666.99&is_npt=false&is_multipart=false&client_id=skyscanner_website&request_id=fcedc591-f167-475d-bad8-789eb3fe47d8&q_ids=H4sIAAAAAAAAAOOS4mLJLUkrEmLmuKUixczxwkOhYf2c6WxGTAqMAE0ZKJIcAAAA|7469123179729069143|V3&q_sources=JACQUARD&commercial_filters=false&q_datetime_utc=2022-07-27T04:13:00&pqid=true"
"13554-2208011550--32222-2-9320-2208020030",lolt,1121.63 EUR,2022-08-01 15:50:00,2022-08-02 00:30:00,7.67,"https://skyscanner.com//transport_deeplink/4.0/MA/en-GB/EUR/lolt/1/13554.9320.2022-08-01/air/trava/flights?itinerary=flight|-32222|3177|13554|2022-08-01T15:50|13870|2022-08-01T19:20|150|-|-|-;flight|-32222|8878|13870|2022-08-01T20:20|17543|2022-08-01T21:25|65|-|-|-;flight|-32222|8383|17543|2022-08-01T22:50|9320|2022-08-02T00:30|100|-|-|-&carriers=-32222&operators=-32222;-32639;-32222&passengers=1&channel=website&cabin_class=economy&facilitated=false&fps_session_id=5637b307-9902-46e4-aa2c-4702a753f864&ticket_price=1121.63&is_npt=false&is_multipart=false&client_id=skyscanner_website&request_id=fcedc591-f167-475d-bad8-789eb3fe47d8&q_ids=H4sIAAAAAAAAAOOS4mLJyc8pEWLmuKUixczxwkOhYf2c6WxGTAqMAHtqDQUcAAAA|2874293907485178655|V3&q_sources=JACQUARD&commercial_filters=false&q_datetime_utc=2022-07-27T04:13:00&pqid=false"
"13542-2208011045--32480-1-9320-2208011700",lolt,596.28 EUR,2022-08-01 10:45:00,2022-08-01 17:00:00,5.25,"https://skyscanner.com//transport_deeplink/4.0/MA/en-GB/EUR/lolt/1/13542.9320.2022-08-01/air/trava/flights?itinerary=flight|-32480|7195|13542|2022-08-01T10:45|13870|2022-08-01T14:15|150|-|-|-;flight|-32480|7126|13870|2022-08-01T15:45|9320|2022-08-01T17:00|75|-|-|-&carriers=-32480&operators=-32221;-32639&passengers=1&channel=website&cabin_class=economy&facilitated=false&fps_session_id=5637b307-9902-46e4-aa2c-4702a753f864&ticket_price=596.28&is_npt=false&is_multipart=false&client_id=skyscanner_website&request_id=fcedc591-f167-475d-bad8-789eb3fe47d8&q_ids=H4sIAAAAAAAAAOOS4mLJyc8pEWLmuKUixczxwkOhYf2c6WxGTAqMAHtqDQUcAAAA|-2319965199864586461|V3&q_sources=JACQUARD&commercial_filters=false&q_datetime_utc=2022-07-27T04:13:00&pqid=false"
"13554-2208011945--32222-1-9320-2208020840",ctma,345.0 EUR,2022-08-01 19:45:00,2022-08-02 08:40:00,11.92,"https://skyscanner.com//transport_deeplink/4.0/MA/en-GB/EUR/ctma/1/13554.9320.2022-08-01/air/trava/flights?itinerary=flight|-32222|3179|13554|2022-08-01T19:45|13870|2022-08-01T23:15|150|-|-|-;flight|-32222|3866|13870|2022-08-02T07:25|9320|2022-08-02T08:40|75|-|-|-&carriers=-32222&operators=-32222;-32221&passengers=1&channel=website&cabin_class=economy&facilitated=false&fps_session_id=5637b307-9902-46e4-aa2c-4702a753f864&ticket_price=345.00&is_npt=false&is_multipart=false&client_id=skyscanner_website&request_id=fcedc591-f167-475d-bad8-789eb3fe47d8&q_ids=H4sIAAAAAAAAAOOS4mJJLslNFGLmuKUixczxwkOhYf2c6WxGTAqMAOxs2UAcAAAA|4378767041467736974|V3&q_sources=JACQUARD&commercial_filters=false&q_datetime_utc=2022-07-27T04:13:00&pqid=true"
"13542-2208010910--32480-0-9320-2208011305",ebfc,684.95 EUR,2022-08-01 09:10:00,2022-08-01 13:05:00,2.92,"https://skyscanner.com//transport_deeplink/4.0/MA/en-GB/EUR/ebfc/1/13542.9320.2022-08-01/air/trava/flights?itinerary=flight|-32480|2794|13542|2022-08-01T09:10|9320|2022-08-01T13:05|175|-|-|-&carriers=-32480&operators=-32222&passengers=1&channel=website&cabin_class=economy&facilitated=false&fps_session_id=5637b307-9902-46e4-aa2c-4702a753f864&ticket_price=684.95&is_npt=false&is_multipart=false&client_id=skyscanner_website&request_id=fcedc591-f167-475d-bad8-789eb3fe47d8&q_ids=H4sIAAAAAAAAAOOS4mJJTUpLFmLmuKUixczxwkOhYf2c6WxGTAqMALdAo3gcAAAA|2444777693268703903|V3&q_sources=JACQUARD&commercial_filters=false&q_datetime_utc=2022-07-27T04:13:00&pqid=true"
"13542-2208010650--32222-1-9320-2208011410",lolt,388.4 EUR,2022-08-01 06:50:00,2022-08-01 14:10:00,6.33,"https://skyscanner.com//transport_deeplink/4.0/MA/en-GB/EUR/lolt/1/13542.9320.2022-08-01/air/trava/flights?itinerary=flight|-32222|5977|13542|2022-08-01T06:50|9772|2022-08-01T10:05|135|-|-|-;flight|-32222|5187|9772|2022-08-01T12:30|9320|2022-08-01T14:10|100|-|-|-&carriers=-32222&operators=-31685;-31685&passengers=1&channel=website&cabin_class=economy&facilitated=false&fps_session_id=5637b307-9902-46e4-aa2c-4702a753f864&ticket_price=388.40&is_npt=false&is_multipart=false&client_id=skyscanner_website&request_id=fcedc591-f167-475d-bad8-789eb3fe47d8&q_ids=H4sIAAAAAAAAAOOS4mLJyc8pEWLmuKUixczxwkOhYf2c6WxGTAqMAHtqDQUcAAAA|-7922099204102485589|V3&q_sources=JACQUARD&commercial_filters=false&q_datetime_utc=2022-07-27T04:13:00&pqid=false"
"13542-2208011010--31685-0-9320-2208011350",ebfc,254.25 EUR,2022-08-01 10:10:00,2022-08-01 13:50:00,2.67,"https://skyscanner.com//transport_deeplink/4.0/MA/en-GB/EUR/ebfc/1/13542.9320.2022-08-01/air/trava/flights?itinerary=flight|-31685|6615|13542|2022-08-01T10:10|9320|2022-08-01T13:50|160|-|-|-&carriers=-31685&operators=-31685&passengers=1&channel=website&cabin_class=economy&facilitated=false&fps_session_id=5637b307-9902-46e4-aa2c-4702a753f864&ticket_price=254.25&is_npt=false&is_multipart=false&client_id=skyscanner_website&request_id=fcedc591-f167-475d-bad8-789eb3fe47d8&q_ids=H4sIAAAAAAAAAOOS4mJJTUpLFmLmuKUixczxwkOhYf2c6WxGTAqMALdAo3gcAAAA|2638771258204610369|V3&q_sources=JACQUARD&commercial_filters=false&q_datetime_utc=2022-07-27T04:13:00&pqid=true"
"16574-2208011725--31915-0-9320-2208012115",ebfc,289.42 EUR,2022-08-01 17:25:00,2022-08-01 21:15:00,2.83,"https://skyscanner.com//transport_deeplink/4.0/MA/en-GB/EUR/ebfc/1/16574.9320.2022-08-01/air/trava/flights?itinerary=flight|-31915|8164|16574|2022-08-01T17:25|9320|2022-08-01T21:15|170|-|-|-&carriers=-31915&operators=-31915&passengers=1&channel=website&cabin_class=economy&facilitated=false&fps_session_id=5637b307-9902-46e4-aa2c-4702a753f864&ticket_price=289.42&is_npt=false&is_multipart=false&client_id=skyscanner_website&request_id=fcedc591-f167-475d-bad8-789eb3fe47d8&q_ids=H4sIAAAAAAAAAOOS4mJJTUpLFmLmuKUixczxwkOhYf2c6WxGTAqMALdAo3gcAAAA|4310965617376021191|V3&q_sources=JACQUARD&commercial_filters=false&q_datetime_utc=2022-07-27T04:13:00&pqid=true"
"13554-2208011000--31896-1-9320-2208021350",gtfr,7899.99 EUR,2022-08-01 10:00:00,2022-08-02 13:50:00,26.83,"https://skyscanner.com//transport_deeplink/4.0/MA/en-GB/EUR/gtfr/1/13554.9320.2022-08-01/air/trava/flights?itinerary=flight|-31896|110|13554|2022-08-01T10:00|16029|2022-08-01T18:35|395|-|-|-;flight|-31896|227|16029|2022-08-02T08:00|9320|2022-08-02T13:50|410|-|-|-&carriers=-31896&operators=-31896;-31896&passengers=1&channel=website&cabin_class=economy&facilitated=false&fps_session_id=5637b307-9902-46e4-aa2c-4702a753f864&ticket_price=7899.99&is_npt=false&is_multipart=false&client_id=skyscanner_website&request_id=fcedc591-f167-475d-bad8-789eb3fe47d8&q_ids=H4sIAAAAAAAAAOOS4mJJL0krEmLmuKUixczxwkOhYf2c6WxGTAqMAPzpHpkcAAAA|6605645489222114066|V3&q_sources=JACQUARD&commercial_filters=false&q_datetime_utc=2022-07-27T04:13:00&pqid=true"
"13542-2208010945--31685-1-9320-2208011705",ebfc,358.32 EUR,2022-08-01 09:45:00,2022-08-01 17:05:00,6.33,"https://skyscanner.com//transport_deeplink/4.0/MA/en-GB/EUR/ebfc/1/13542.9320.2022-08-01/air/trava/flights?itinerary=flight|-31685|7823|13542|2022-08-01T09:45|9772|2022-08-01T13:00|135|-|-|-;flight|-31685|2121|9772|2022-08-01T15:25|9320|2022-08-01T17:05|100|-|-|-&carriers=-31685&operators=-31685;-31685&passengers=1&channel=website&cabin_class=economy&facilitated=false&fps_session_id=5637b307-9902-46e4-aa2c-4702a753f864&ticket_price=358.32&is_npt=false&is_multipart=false&client_id=skyscanner_website&request_id=fcedc591-f167-475d-bad8-789eb3fe47d8&q_ids=H4sIAAAAAAAAAOOS4mJJTUpLFmLmuKUixczxwkOhYf2c6WxGTAqMALdAo3gcAAAA|-3489701407052453574|V3&q_sources=JACQUARD&commercial_filters=false&q_datetime_utc=2022-07-27T04:13:00&pqid=true"
"13771-2208011920--32356-0-9320-2208012310",easy,241.87 EUR,2022-08-01 19:20:00,2022-08-01 23:10:00,2.83,"https://skyscanner.com//transport_deeplink/4.0/MA/en-GB/EUR/easy/1/13771.9320.2022-08-01/air/airli/flights?itinerary=flight|-32356|2409|13771|2022-08-01T19:20|9320|2022-08-01T23:10|170|-|-|-&carriers=-32356&operators=-32356&passengers=1&channel=website&cabin_class=economy&facilitated=false&fps_session_id=5637b307-9902-46e4-aa2c-4702a753f864&ticket_price=241.87&is_npt=false&is_multipart=false&client_id=skyscanner_website&request_id=fcedc591-f167-475d-bad8-789eb3fe47d8&q_ids=H4sIAAAAAAAAAOOS42JJTSyuFGLmuKUixczxwkOhYf2c6WxGTAqMTkwSjAD-qaDGIAAAAA|-2961425192088638247|V3&q_sources=JACQUARD&commercial_filters=false&q_datetime_utc=2022-07-27T04:13:00&pqid=false"
"13771-2208011355--32356,-31915-1-9320-2208012100",skyp,190.0 EUR,2022-08-01 13:55:00,2022-08-01 21:00:00,6.08,"https://skyscanner.com//transport_deeplink/4.0/MA/en-GB/EUR/skyp/1/13771.9320.2022-08-01/air/trava/flights?itinerary=flight|-32356|15|13771|2022-08-01T13:55|11235|2022-08-01T15:15|80|-|-|-;flight|-31915|6652|11235|2022-08-01T16:45|9320|2022-08-01T21:00|195|-|-|-&carriers=-32356,-31915&operators=-32356;-31915&passengers=1&channel=website&cabin_class=economy&facilitated=false&fps_session_id=5637b307-9902-46e4-aa2c-4702a753f864&ticket_price=190.00&is_npt=false&is_multipart=false&client_id=skyscanner_website&request_id=fcedc591-f167-475d-bad8-789eb3fe47d8&q_ids=H4sIAAAAAAAAAOOS4mIpzq4sEGLmuKUixczxwkOhYf2c6WxGTAqMACYGqGkcAAAA|-2989474827940310124|V3&q_sources=JACQUARD&commercial_filters=false&q_datetime_utc=2022-07-27T04:13:00&transfer_protection=protected&pqid=true"
"13554-2208011535--32677-1-9320-2208012340",lolt,747.91 EUR,2022-08-01 15:35:00,2022-08-01 23:40:00,7.08,"https://skyscanner.com//transport_deeplink/4.0/MA/en-GB/EUR/lolt/1/13554.9320.2022-08-01/air/trava/flights?itinerary=flight|-32677|1781|13554|2022-08-01T15:35|10413|2022-08-01T17:55|80|-|-|-;flight|-32677|9440|10413|2022-08-01T21:05|9320|2022-08-01T23:40|155|-|-|-&carriers=-32677&operators=-32677;-32677&passengers=1&channel=website&cabin_class=economy&facilitated=false&fps_session_id=5637b307-9902-46e4-aa2c-4702a753f864&ticket_price=747.91&is_npt=false&is_multipart=false&client_id=skyscanner_website&request_id=fcedc591-f167-475d-bad8-789eb3fe47d8&q_ids=H4sIAAAAAAAAAOOS4mLJyc8pEWLmuKUixczxwkOhYf2c6WxGTAqMAHtqDQUcAAAA|-1197277017797265137|V3&q_sources=JACQUARD&commercial_filters=false&q_datetime_utc=2022-07-27T04:13:00&pqid=false"
"13554-2208010920--32753-1-9320-2208012300",lolt,498.3 EUR,2022-08-01 09:20:00,2022-08-01 23:00:00,12.67,"https://skyscanner.com//transport_deeplink/4.0/MA/en-GB/EUR/lolt/1/13554.9320.2022-08-01/air/trava/flights?itinerary=flight|-32753|711|13554|2022-08-01T09:20|15069|2022-08-01T10:45|85|-|-|-;flight|-32753|886|15069|2022-08-01T19:15|9320|2022-08-01T23:00|165|-|-|-&carriers=-32753&operators=-32753;-32753&passengers=1&channel=website&cabin_class=economy&facilitated=false&fps_session_id=5637b307-9902-46e4-aa2c-4702a753f864&ticket_price=498.30&is_npt=false&is_multipart=false&client_id=skyscanner_website&request_id=fcedc591-f167-475d-bad8-789eb3fe47d8&q_ids=H4sIAAAAAAAAAOOS4mLJyc8pEWLmuKUixczxwkOhYf2c6WxGTAqMAHtqDQUcAAAA|8717406968145168332|V3&q_sources=JACQUARD&commercial_filters=false&q_datetime_utc=2022-07-27T04:13:00&pqid=false"
"13554-2208011915--32132,-32680-2-9320-2208022015",lolt,423.1 EUR,2022-08-01 19:15:00,2022-08-02 20:15:00,24.00,"https://skyscanner.com//transport_deeplink/4.0/MA/en-GB/EUR/lolt/1/13554.9320.2022-08-01/air/trava/flights?itinerary=flight|-32132|1030|13554|2022-08-01T19:15|9451|2022-08-01T21:25|70|-|-|-;flight|-32132|1703|9451|2022-08-02T13:50|13870|2022-08-02T16:25|155|-|-|-;flight|-32680|5047|13870|2022-08-02T19:00|9320|2022-08-02T20:15|75|-|-|-&carriers=-32132,-32680&operators=-32131;-32132;-31597&passengers=1&channel=website&cabin_class=economy&facilitated=false&fps_session_id=5637b307-9902-46e4-aa2c-4702a753f864&ticket_price=423.10&is_npt=false&is_multipart=false&client_id=skyscanner_website&request_id=fcedc591-f167-475d-bad8-789eb3fe47d8&q_ids=H4sIAAAAAAAAAOOS4mLJyc8pEWLmuKUixczxwkOhYf2c6WxGTAqMAHtqDQUcAAAA|1655675752151113864|V3&q_sources=JACQUARD&commercial_filters=false&q_datetime_utc=2022-07-27T04:13:00&pqid=false"
"13554-2208011825--32753-1-9320-2208022300",gtfr,500.99 EUR,2022-08-01 18:25:00,2022-08-02 23:00:00,27.58,"https://skyscanner.com//transport_deeplink/4.0/MA/en-GB/EUR/gtfr/1/13554.9320.2022-08-01/air/trava/flights?itinerary=flight|-32753|723|13554|2022-08-01T18:25|15069|2022-08-01T19:50|85|-|-|-;flight|-32753|886|15069|2022-08-02T19:15|9320|2022-08-02T23:00|165|-|-|-&carriers=-32753&operators=-32753;-32753&passengers=1&channel=website&cabin_class=economy&facilitated=false&fps_session_id=5637b307-9902-46e4-aa2c-4702a753f864&ticket_price=500.99&is_npt=false&is_multipart=false&client_id=skyscanner_website&request_id=fcedc591-f167-475d-bad8-789eb3fe47d8&q_ids=H4sIAAAAAAAAAOOS4mJJL0krEmLmuKUixczxwkOhYf2c6WxGTAqMAPzpHpkcAAAA|-9121964486842914462|V3&q_sources=JACQUARD&commercial_filters=false&q_datetime_utc=2022-07-27T04:13:00&pqid=true"
"13465-2208011420--32222-1-9320-2208012100",lolt,817.2 EUR,2022-08-01 14:20:00,2022-08-01 21:00:00,5.67,"https://skyscanner.com//transport_deeplink/4.0/MA/en-GB/EUR/lolt/1/13465.9320.2022-08-01/air/trava/flights?itinerary=flight|-32222|7692|13465|2022-08-01T14:20|12404|2022-08-01T17:45|145|-|-|-;flight|-32222|8460|12404|2022-08-01T19:00|9320|2022-08-01T21:00|120|-|-|-&carriers=-32222&operators=-32528;-32639&passengers=1&channel=website&cabin_class=economy&facilitated=false&fps_session_id=5637b307-9902-46e4-aa2c-4702a753f864&ticket_price=817.20&is_npt=false&is_multipart=false&client_id=skyscanner_website&request_id=fcedc591-f167-475d-bad8-789eb3fe47d8&q_ids=H4sIAAAAAAAAAOOS4mLJyc8pEWLmuKUixczxwkOhYf2c6WxGTAqMAHtqDQUcAAAA|6709659785907090657|V3&q_sources=JACQUARD&commercial_filters=false&q_datetime_utc=2022-07-27T04:13:00&pqid=false"
"13542-2208012115--32013-1-9320-2208030045",mtfr,345.99 EUR,2022-08-01 21:15:00,2022-08-03 00:45:00,26.50,"https://skyscanner.com//transport_deeplink/4.0/MA/en-GB/EUR/mtfr/1/13542.9320.2022-08-01/air/trava/flights?itinerary=flight|-32013|1337|13542|2022-08-01T21:15|16618|2022-08-01T23:55|100|-|-|-;flight|-32013|5037|16618|2022-08-02T21:00|9320|2022-08-03T00:45|225|-|-|-&carriers=-32013&operators=-32013;-32013&passengers=1&channel=website&cabin_class=economy&facilitated=false&fps_session_id=5637b307-9902-46e4-aa2c-4702a753f864&ticket_price=345.99&is_npt=false&is_multipart=false&client_id=skyscanner_website&request_id=fcedc591-f167-475d-bad8-789eb3fe47d8&q_ids=H4sIAAAAAAAAAOOS4mLJLUkrEmLmuKUixczxwkOhYf2c6WxGTAqMAE0ZKJIcAAAA|-1715981503837612742|V3&q_sources=JACQUARD&commercial_filters=false&q_datetime_utc=2022-07-27T04:13:00&pqid=true"
"13554-2208010640--32753-1-9320-2208011550",ctma,670.0 EUR,2022-08-01 06:40:00,2022-08-01 15:50:00,8.17,"https://skyscanner.com//transport_deeplink/4.0/MA/en-GB/EUR/ctma/1/13554.9320.2022-08-01/air/trava/flights?itinerary=flight|-32753|149|13554|2022-08-01T06:40|11154|2022-08-01T08:05|85|-|-|-;flight|-32753|584|11154|2022-08-01T11:45|9320|2022-08-01T15:50|185|-|-|-&carriers=-32753&operators=-32753;-32753&passengers=1&channel=website&cabin_class=economy&facilitated=false&fps_session_id=5637b307-9902-46e4-aa2c-4702a753f864&ticket_price=670.00&is_npt=false&is_multipart=false&client_id=skyscanner_website&request_id=fcedc591-f167-475d-bad8-789eb3fe47d8&q_ids=H4sIAAAAAAAAAOOS4mJJLslNFGLmuKUixczxwkOhYf2c6WxGTAqMAOxs2UAcAAAA|-7141046417538411951|V3&q_sources=JACQUARD&commercial_filters=false&q_datetime_utc=2022-07-27T04:13:00&pqid=true"
"13542-2208011435--32222-1-9320-2208012230",lolt,500.96 EUR,2022-08-01 14:35:00,2022-08-01 22:30:00,6.92,"https://skyscanner.com//transport_deeplink/4.0/MA/en-GB/EUR/lolt/1/13542.9320.2022-08-01/air/trava/flights?itinerary=flight|-32222|5767|13542|2022-08-01T14:35|9772|2022-08-01T17:50|135|-|-|-;flight|-32222|5189|9772|2022-08-01T20:50|9320|2022-08-01T22:30|100|-|-|-&carriers=-32222&operators=-31685;-31685&passengers=1&channel=website&cabin_class=economy&facilitated=false&fps_session_id=5637b307-9902-46e4-aa2c-4702a753f864&ticket_price=500.96&is_npt=false&is_multipart=false&client_id=skyscanner_website&request_id=fcedc591-f167-475d-bad8-789eb3fe47d8&q_ids=H4sIAAAAAAAAAOOS4mLJyc8pEWLmuKUixczxwkOhYf2c6WxGTAqMAHtqDQUcAAAA|8942966715397924849|V3&q_sources=JACQUARD&commercial_filters=false&q_datetime_utc=2022-07-27T04:13:00&pqid=false"
"13542-2208012105--31781-2-9320-2208030945",mtfr,317.99 EUR,2022-08-01 21:05:00,2022-08-03 09:45:00,35.67,"https://skyscanner.com//transport_deeplink/4.0/MA/en-GB/EUR/mtfr/1/13542.9320.2022-08-01/air/trava/flights?itinerary=flight|-31781|1335|13542|2022-08-01T21:05|15055|2022-08-01T23:30|145|-|-|-;flight|-31781|1935|15055|2022-08-02T14:00|13577|2022-08-02T15:00|60|-|-|-;flight|-31781|1134|13577|2022-08-03T07:15|9320|2022-08-03T09:45|90|-|-|-&carriers=-31781&operators=-31781;-31781;-31678&passengers=1&channel=website&cabin_class=economy&facilitated=false&fps_session_id=5637b307-9902-46e4-aa2c-4702a753f864&ticket_price=317.99&is_npt=false&is_multipart=false&client_id=skyscanner_website&request_id=fcedc591-f167-475d-bad8-789eb3fe47d8&q_ids=H4sIAAAAAAAAAOOS4mLJLUkrEmLmuKUixczxwkOhYf2c6WxGTAqMAE0ZKJIcAAAA|-6971395411367456773|V3&q_sources=JACQUARD&commercial_filters=false&q_datetime_utc=2022-07-27T04:13:00&pqid=true"
"13554-2208011915--32132,-32680-2-9320-2208021610",lolt,664.17 EUR,2022-08-01 19:15:00,2022-08-02 16:10:00,19.92,"https://skyscanner.com//transport_deeplink/4.0/MA/en-GB/EUR/lolt/1/13554.9320.2022-08-01/air/trava/flights?itinerary=flight|-32132|1030|13554|2022-08-01T19:15|9451|2022-08-01T21:25|70|-|-|-;flight|-32132|1699|9451|2022-08-02T07:00|13870|2022-08-02T09:35|155|-|-|-;flight|-32680|5039|13870|2022-08-02T14:55|9320|2022-08-02T16:10|75|-|-|-&carriers=-32132,-32680&operators=-32131;-32132;-32680&passengers=1&channel=website&cabin_class=economy&facilitated=false&fps_session_id=5637b307-9902-46e4-aa2c-4702a753f864&ticket_price=664.17&is_npt=false&is_multipart=false&client_id=skyscanner_website&request_id=fcedc591-f167-475d-bad8-789eb3fe47d8&q_ids=H4sIAAAAAAAAAOOS4mLJyc8pEWLmuKUixczxwkOhYf2c6WxGTAqMAHtqDQUcAAAA|5829833294941567809|V3&q_sources=JACQUARD&commercial_filters=false&q_datetime_utc=2022-07-27T04:13:00&pqid=false"
"16574-2208011225--31734-2-9320-2208021055",gtfr,1313.99 EUR,2022-08-01 12:25:00,2022-08-02 10:55:00,21.50,"https://skyscanner.com//transport_deeplink/4.0/MA/en-GB/EUR/gtfr/1/16574.9320.2022-08-01/air/trava/flights?itinerary=flight|-31734|4321|16574|2022-08-01T12:25|9692|2022-08-01T18:25|240|-|-|-;flight|-31734|2403|9692|2022-08-02T03:30|12585|2022-08-02T04:55|85|-|-|-;flight|-31734|1305|12585|2022-08-02T07:20|9320|2022-08-02T10:55|275|-|-|-&carriers=-31734&operators=-32570;-31734;-31734&passengers=1&channel=website&cabin_class=economy&facilitated=false&fps_session_id=5637b307-9902-46e4-aa2c-4702a753f864&ticket_price=1313.99&is_npt=false&is_multipart=false&client_id=skyscanner_website&request_id=fcedc591-f167-475d-bad8-789eb3fe47d8&q_ids=H4sIAAAAAAAAAOOS4mJJL0krEmLmuKUixczxwkOhYf2c6WxGTAqMAPzpHpkcAAAA|1207634412008094897|V3&q_sources=JACQUARD&commercial_filters=false&q_datetime_utc=2022-07-27T04:13:00&pqid=true"
"13771-2208011210--32356,-31915-1-9320-2208012100",gtfr,173.99 EUR,2022-08-01 12:10:00,2022-08-01 21:00:00,7.83,"https://skyscanner.com//transport_deeplink/4.0/MA/en-GB/EUR/gtfr/1/13771.9320.2022-08-01/air/trava/flights?itinerary=flight|-32356|13|13771|2022-08-01T12:10|11235|2022-08-01T13:30|80|-|-|-;flight|-31915|6652|11235|2022-08-01T16:45|9320|2022-08-01T21:00|195|-|-|-&carriers=-32356,-31915&operators=-32356;-31915&passengers=1&channel=website&cabin_class=economy&facilitated=false&fps_session_id=5637b307-9902-46e4-aa2c-4702a753f864&ticket_price=173.99&is_npt=false&is_multipart=false&client_id=skyscanner_website&request_id=fcedc591-f167-475d-bad8-789eb3fe47d8&q_ids=H4sIAAAAAAAAAOOS4mJJL0krEmLmuKUixczxwkOhYf2c6WxGTAqMAPzpHpkcAAAA|-6021292332309438042|V3&q_sources=JACQUARD&commercial_filters=false&q_datetime_utc=2022-07-27T04:13:00&transfer_protection=protected&pqid=true"
"13554-2208011305--32222-1-9320-2208012055",lolt,618.63 EUR,2022-08-01 13:05:00,2022-08-01 20:55:00,6.83,"https://skyscanner.com//transport_deeplink/4.0/MA/en-GB/EUR/lolt/1/13554.9320.2022-08-01/air/trava/flights?itinerary=flight|-32222|7462|13554|2022-08-01T13:05|13870|2022-08-01T16:35|150|-|-|-;flight|-32222|8950|13870|2022-08-01T19:40|9320|2022-08-01T20:55|75|-|-|-&carriers=-32222&operators=-32480;-32639&passengers=1&channel=website&cabin_class=economy&facilitated=false&fps_session_id=5637b307-9902-46e4-aa2c-4702a753f864&ticket_price=618.63&is_npt=false&is_multipart=false&client_id=skyscanner_website&request_id=fcedc591-f167-475d-bad8-789eb3fe47d8&q_ids=H4sIAAAAAAAAAOOS4mLJyc8pEWLmuKUixczxwkOhYf2c6WxGTAqMAHtqDQUcAAAA|-2418354971085369095|V3&q_sources=JACQUARD&commercial_filters=false&q_datetime_utc=2022-07-27T04:13:00&pqid=false"
"16574-2208011150--31734-1-9320-2208021055",turk,1682.67 EUR,2022-08-01 11:50:00,2022-08-02 10:55:00,22.08,"https://skyscanner.com//transport_deeplink/4.0/MA/en-GB/EUR/turk/1/16574.9320.2022-08-01/air/airli/flights?itinerary=flight|-31734|7799|16574|2022-08-01T11:50|16096|2022-08-01T17:40|230|YHYSAJRR|Y|JR;flight|-31734|1305|12585|2022-08-02T07:20|9320|2022-08-02T10:55|275|YHTCLR|Y|CL&carriers=-31734&operators=-32570;-31734&passengers=1&channel=website&cabin_class=economy&facilitated=false&fps_session_id=5637b307-9902-46e4-aa2c-4702a753f864&ticket_price=1682.67&is_npt=false&is_multipart=false&client_id=skyscanner_website&request_id=fcedc591-f167-475d-bad8-789eb3fe47d8&q_ids=H4sIAAAAAAAAAOOS4mIpKS3KFmLmuKUixczxwkOhYf2c6WxGTAqMAHiUgiEcAAAA|-2942523701148861275|V3&q_sources=JACQUARD&commercial_filters=false&q_datetime_utc=2022-07-27T03:38:00&pqid=false"
"13542-2208011940--32222-0-9320-2208012320",lolt,350.39 EUR,2022-08-01 19:40:00,2022-08-01 23:20:00,2.67,"https://skyscanner.com//transport_deeplink/4.0/MA/en-GB/EUR/lolt/1/13542.9320.2022-08-01/air/trava/flights?itinerary=flight|-32222|5963|13542|2022-08-01T19:40|9320|2022-08-01T23:20|160|-|-|-&carriers=-32222&operators=-31685&passengers=1&channel=website&cabin_class=economy&facilitated=false&fps_session_id=5637b307-9902-46e4-aa2c-4702a753f864&ticket_price=350.39&is_npt=false&is_multipart=false&client_id=skyscanner_website&request_id=fcedc591-f167-475d-bad8-789eb3fe47d8&q_ids=H4sIAAAAAAAAAOOS4mLJyc8pEWLmuKUixczxwkOhYf2c6WxGTAqMAHtqDQUcAAAA|2514808897860688081|V3&q_sources=JACQUARD&commercial_filters=false&q_datetime_utc=2022-07-27T04:13:00&pqid=false"
"13542-2208011450--31734-2-9320-2208021055",gtfr,1026.99 EUR,2022-08-01 14:50:00,2022-08-02 10:55:00,19.08,"https://skyscanner.com//transport_deeplink/4.0/MA/en-GB/EUR/gtfr/1/13542.9320.2022-08-01/air/trava/flights?itinerary=flight|-31734|4004|13542|2022-08-01T14:50|9692|2022-08-01T21:15|265|-|-|-;flight|-31734|2403|9692|2022-08-02T03:30|12585|2022-08-02T04:55|85|-|-|-;flight|-31734|1305|12585|2022-08-02T07:20|9320|2022-08-02T10:55|275|-|-|-&carriers=-31734&operators=-31734;-31734;-31734&passengers=1&channel=website&cabin_class=economy&facilitated=false&fps_session_id=5637b307-9902-46e4-aa2c-4702a753f864&ticket_price=1026.99&is_npt=false&is_multipart=false&client_id=skyscanner_website&request_id=fcedc591-f167-475d-bad8-789eb3fe47d8&q_ids=H4sIAAAAAAAAAOOS4mJJL0krEmLmuKUixczxwkOhYf2c6WxGTAqMAPzpHpkcAAAA|5353983374446619574|V3&q_sources=JACQUARD&commercial_filters=false&q_datetime_utc=2022-07-27T04:13:00&pqid=true"
"13771-2208010615--31915-0-9320-2208011000",ebfc,351.23 EUR,2022-08-01 06:15:00,2022-08-01 10:00:00,2.75,"https://skyscanner.com//transport_deeplink/4.0/MA/en-GB/EUR/ebfc/1/13771.9320.2022-08-01/air/trava/flights?itinerary=flight|-31915|7784|13771|2022-08-01T06:15|9320|2022-08-01T10:00|165|-|-|-&carriers=-31915&operators=-31915&passengers=1&channel=website&cabin_class=economy&facilitated=false&fps_session_id=5637b307-9902-46e4-aa2c-4702a753f864&ticket_price=351.23&is_npt=false&is_multipart=false&client_id=skyscanner_website&request_id=fcedc591-f167-475d-bad8-789eb3fe47d8&q_ids=H4sIAAAAAAAAAOOS4mJJTUpLFmLmuKUixczxwkOhYf2c6WxGTAqMALdAo3gcAAAA|5779672200281057411|V3&q_sources=JACQUARD&commercial_filters=false&q_datetime_utc=2022-07-27T04:13:00&pqid=true"
"13554-2208012055--32132-1-9320-2208021235",lolt,551.47 EUR,2022-08-01 20:55:00,2022-08-02 12:35:00,14.67,"https://skyscanner.com//transport_deeplink/4.0/MA/en-GB/EUR/lolt/1/13554.9320.2022-08-01/air/trava/flights?itinerary=flight|-32132|1028|13554|2022-08-01T20:55|9451|2022-08-01T23:05|70|-|-|-;flight|-32132|1037|9451|2022-08-02T09:40|9320|2022-08-02T12:35|175|-|-|-&carriers=-32132&operators=-32131;-32132&passengers=1&channel=website&cabin_class=economy&facilitated=false&fps_session_id=5637b307-9902-46e4-aa2c-4702a753f864&ticket_price=551.47&is_npt=false&is_multipart=false&client_id=skyscanner_website&request_id=fcedc591-f167-475d-bad8-789eb3fe47d8&q_ids=H4sIAAAAAAAAAOOS4mLJyc8pEWLmuKUixczxwkOhYf2c6WxGTAqMAHtqDQUcAAAA|3480973122312581522|V3&q_sources=JACQUARD&commercial_filters=false&q_datetime_utc=2022-07-27T04:13:00&pqid=false"
"13542-2208011010--32480-0-9320-2208011350",lolt,370.05 EUR,2022-08-01 10:10:00,2022-08-01 13:50:00,2.67,"https://skyscanner.com//transport_deeplink/4.0/MA/en-GB/EUR/lolt/1/13542.9320.2022-08-01/air/trava/flights?itinerary=flight|-32480|8095|13542|2022-08-01T10:10|9320|2022-08-01T13:50|160|-|-|-&carriers=-32480&operators=-31685&passengers=1&channel=website&cabin_class=economy&facilitated=false&fps_session_id=5637b307-9902-46e4-aa2c-4702a753f864&ticket_price=370.05&is_npt=false&is_multipart=false&client_id=skyscanner_website&request_id=fcedc591-f167-475d-bad8-789eb3fe47d8&q_ids=H4sIAAAAAAAAAOOS4mLJyc8pEWLmuKUixczxwkOhYf2c6WxGTAqMAHtqDQUcAAAA|-5772405372229793609|V3&q_sources=JACQUARD&commercial_filters=false&q_datetime_utc=2022-07-27T04:13:00&pqid=false"
"13542-2208011045--32221,-32222-1-9320-2208011700",lolt,613.17 EUR,2022-08-01 10:45:00,2022-08-01 17:00:00,5.25,"https://skyscanner.com//transport_deeplink/4.0/MA/en-GB/EUR/lolt/1/13542.9320.2022-08-01/air/trava/flights?itinerary=flight|-32221|3715|13542|2022-08-01T10:45|13870|2022-08-01T14:15|150|-|-|-;flight|-32222|8948|13870|2022-08-01T15:45|9320|2022-08-01T17:00|75|-|-|-&carriers=-32221,-32222&operators=-32221;-32639&passengers=1&channel=website&cabin_class=economy&facilitated=false&fps_session_id=5637b307-9902-46e4-aa2c-4702a753f864&ticket_price=613.17&is_npt=false&is_multipart=false&client_id=skyscanner_website&request_id=fcedc591-f167-475d-bad8-789eb3fe47d8&q_ids=H4sIAAAAAAAAAOOS4mLJyc8pEWLmuKUixczxwkOhYf2c6WxGTAqMAHtqDQUcAAAA|-3732291702164821985|V3&q_sources=JACQUARD&commercial_filters=false&q_datetime_utc=2022-07-27T04:13:00&pqid=false"
"13554-2208011840--32132-1-9320-2208021235",klm1,574.63 EUR,2022-08-01 18:40:00,2022-08-02 12:35:00,16.92,"https://skyscanner.com//transport_deeplink/4.0/MA/en-GB/EUR/klm1/1/13554.9320.2022-08-01/air/airli/flights?itinerary=flight|-32132|1024|13554|2022-08-01T18:40|9451|2022-08-01T20:55|75|BS50BALG|B|-;flight|-32132|1037|9451|2022-08-02T09:40|9320|2022-08-02T12:35|175|BS50BALG|B|-&carriers=-32132&operators=-32131;-32132&passengers=1&channel=website&cabin_class=economy&facilitated=false&fps_session_id=5637b307-9902-46e4-aa2c-4702a753f864&ticket_price=574.63&is_npt=false&is_multipart=false&client_id=skyscanner_website&request_id=fcedc591-f167-475d-bad8-789eb3fe47d8&q_ids=H4sIAAAAAAAAAOOS4mLJzsk1FGLmuKUixczxwkOhYf2c6WxGTAqMACXKGiwcAAAA|-2321298515556564929|V3&q_sources=JACQUARD&commercial_filters=false&q_datetime_utc=2022-07-27T04:13:00&pqid=false"
"13554-2208012110--32753-1-9320-2208022005",gtfr,577.99 EUR,2022-08-01 21:10:00,2022-08-02 20:05:00,21.92,"https://skyscanner.com//transport_deeplink/4.0/MA/en-GB/EUR/gtfr/1/13554.9320.2022-08-01/air/trava/flights?itinerary=flight|-32753|183|13554|2022-08-01T21:10|11154|2022-08-01T22:30|80|-|-|-;flight|-32753|586|11154|2022-08-02T16:10|9320|2022-08-02T20:05|175|-|-|-&carriers=-32753&operators=-32753;-32753&passengers=1&channel=website&cabin_class=economy&facilitated=false&fps_session_id=5637b307-9902-46e4-aa2c-4702a753f864&ticket_price=577.99&is_npt=false&is_multipart=false&client_id=skyscanner_website&request_id=fcedc591-f167-475d-bad8-789eb3fe47d8&q_ids=H4sIAAAAAAAAAOOS4mJJL0krEmLmuKUixczxwkOhYf2c6WxGTAqMAPzpHpkcAAAA|-4342401476863878591|V3&q_sources=JACQUARD&commercial_filters=false&q_datetime_utc=2022-07-27T04:13:00&pqid=true"
"13542-2208011435--31685-1-9320-2208012230",ebfc,368.03 EUR,2022-08-01 14:35:00,2022-08-01 22:30:00,6.92,"https://skyscanner.com//transport_deeplink/4.0/MA/en-GB/EUR/ebfc/1/13542.9320.2022-08-01/air/trava/flights?itinerary=flight|-31685|7827|13542|2022-08-01T14:35|9772|2022-08-01T17:50|135|-|-|-;flight|-31685|2119|9772|2022-08-01T20:50|9320|2022-08-01T22:30|100|-|-|-&carriers=-31685&operators=-31685;-31685&passengers=1&channel=website&cabin_class=economy&facilitated=false&fps_session_id=5637b307-9902-46e4-aa2c-4702a753f864&ticket_price=368.03&is_npt=false&is_multipart=false&client_id=skyscanner_website&request_id=fcedc591-f167-475d-bad8-789eb3fe47d8&q_ids=H4sIAAAAAAAAAOOS4mJJTUpLFmLmuKUixczxwkOhYf2c6WxGTAqMALdAo3gcAAAA|-4645814743683502246|V3&q_sources=JACQUARD&commercial_filters=false&q_datetime_utc=2022-07-27T04:13:00&pqid=true"
"13554-2208010620--32480-1-9320-2208011700",ba__,625.0 EUR,2022-08-01 06:20:00,2022-08-01 17:00:00,9.67,"https://skyscanner.com//transport_deeplink/4.0/MA/en-GB/EUR/ba__/1/13554.9320.2022-08-01/air/airli/flights?itinerary=flight|-32480|456|13554|2022-08-01T06:20|13870|2022-08-01T09:45|145|YLV3SO%2FN|Y|Plus+Flex;flight|-32480|7126|13870|2022-08-01T15:45|9320|2022-08-01T17:00|75|YLV3SO%2FY|Y|Plus+Flex&carriers=-32480&operators=-32480;-32639&passengers=1&channel=website&cabin_class=economy&facilitated=false&fps_session_id=5637b307-9902-46e4-aa2c-4702a753f864&ticket_price=625.00&is_npt=false&is_multipart=false&client_id=skyscanner_website&request_id=fcedc591-f167-475d-bad8-789eb3fe47d8&q_ids=H4sIAAAAAAAAAOOS4mJJSoyPF2LmuKUixczxwkOhYf2c6WxGTAqMAEbuelscAAAA|-5517051306879203586|V3&q_sources=JACQUARD&commercial_filters=false&q_datetime_utc=2022-07-27T04:13:00&pqid=false"
"13542-2208011045--32480,-32222-1-9320-2208011700",lolt,596.28 EUR,2022-08-01 10:45:00,2022-08-01 17:00:00,5.25,"https://skyscanner.com//transport_deeplink/4.0/MA/en-GB/EUR/lolt/1/13542.9320.2022-08-01/air/trava/flights?itinerary=flight|-32480|7195|13542|2022-08-01T10:45|13870|2022-08-01T14:15|150|-|-|-;flight|-32222|8948|13870|2022-08-01T15:45|9320|2022-08-01T17:00|75|-|-|-&carriers=-32480,-32222&operators=-32221;-32639&passengers=1&channel=website&cabin_class=economy&facilitated=false&fps_session_id=5637b307-9902-46e4-aa2c-4702a753f864&ticket_price=596.28&is_npt=false&is_multipart=false&client_id=skyscanner_website&request_id=fcedc591-f167-475d-bad8-789eb3fe47d8&q_ids=H4sIAAAAAAAAAOOS4mLJyc8pEWLmuKUixczxwkOhYf2c6WxGTAqMAHtqDQUcAAAA|4149894702546380263|V3&q_sources=JACQUARD&commercial_filters=false&q_datetime_utc=2022-07-27T04:13:00&pqid=false"
"16574-2208011215--32356-1-9320-2208012220",eapr,182.68 EUR,2022-08-01 12:15:00,2022-08-01 22:20:00,9.08,"https://skyscanner.com//transport_deeplink/4.0/MA/en-GB/EUR/eapr/1/16574.9320.2022-08-01/air/airli/flights?itinerary=flight|-32356|239|16574|2022-08-01T12:15|11235|2022-08-01T13:35|80|-|-|-;flight|-32356|6901|11235|2022-08-01T18:00|9320|2022-08-01T22:20|200|-|-|-&carriers=-32356&operators=-32356;-32356&passengers=1&channel=website&cabin_class=economy&facilitated=false&fps_session_id=5637b307-9902-46e4-aa2c-4702a753f864&ticket_price=182.68&is_npt=false&is_multipart=false&client_id=skyscanner_website&request_id=fcedc591-f167-475d-bad8-789eb3fe47d8&q_ids=H4sIAAAAAAAAAOOS4mJJTSwoEmLmuKUixczxwkOhYf2c6WxGTAqMADn4fgEcAAAA|-880311953853847161|V3&q_sources=JACQUARD&commercial_filters=false&q_datetime_utc=2022-07-27T04:13:32&transfer_protection=protected&pqid=false"
"16574-2208012300--31734-2-9320-2208021720",gtfr,822.99 EUR,2022-08-01 23:00:00,2022-08-02 17:20:00,17.33,"https://skyscanner.com//transport_deeplink/4.0/MA/en-GB/EUR/gtfr/1/16574.9320.2022-08-01/air/trava/flights?itinerary=flight|-31734|7827|16574|2022-08-01T23:00|11039|2022-08-02T05:00|240|-|-|-;flight|-31734|2553|11039|2022-08-02T08:45|12585|2022-08-02T10:05|80|-|-|-;flight|-31734|1303|12585|2022-08-02T13:50|9320|2022-08-02T17:20|270|-|-|-&carriers=-31734&operators=-32570;-31734;-31734&passengers=1&channel=website&cabin_class=economy&facilitated=false&fps_session_id=5637b307-9902-46e4-aa2c-4702a753f864&ticket_price=822.99&is_npt=false&is_multipart=false&client_id=skyscanner_website&request_id=fcedc591-f167-475d-bad8-789eb3fe47d8&q_ids=H4sIAAAAAAAAAOOS4mJJL0krEmLmuKUixczxwkOhYf2c6WxGTAqMAPzpHpkcAAAA|-3145292384983817538|V3&q_sources=JACQUARD&commercial_filters=false&q_datetime_utc=2022-07-27T04:13:00&pqid=true"
"13542-2208011505--31685-1-9320-2208012335",ebfc,624.96 EUR,2022-08-01 15:05:00,2022-08-01 23:35:00,7.50,"https://skyscanner.com//transport_deeplink/4.0/MA/en-GB/EUR/ebfc/1/13542.9320.2022-08-01/air/trava/flights?itinerary=flight|-31685|6225|13542|2022-08-01T15:05|11493|2022-08-01T18:40|155|-|-|-;flight|-31685|6211|11493|2022-08-01T20:50|9320|2022-08-01T23:35|165|-|-|-&carriers=-31685&operators=-31685;-31685&passengers=1&channel=website&cabin_class=economy&facilitated=false&fps_session_id=5637b307-9902-46e4-aa2c-4702a753f864&ticket_price=624.96&is_npt=false&is_multipart=false&client_id=skyscanner_website&request_id=fcedc591-f167-475d-bad8-789eb3fe47d8&q_ids=H4sIAAAAAAAAAOOS4mJJTUpLFmLmuKUixczxwkOhYf2c6WxGTAqMALdAo3gcAAAA|-5200322639834386747|V3&q_sources=JACQUARD&commercial_filters=false&q_datetime_utc=2022-07-27T04:13:00&pqid=true"
"13542-2208011045--32222-1-9320-2208011700",bgma,650.0 EUR,2022-08-01 10:45:00,2022-08-01 17:00:00,5.25,"https://skyscanner.com//transport_deeplink/4.0/MA/en-GB/EUR/bgma/1/13542.9320.2022-08-01/air/trava/flights?itinerary=flight|-32222|3715|13542|2022-08-01T10:45|13870|2022-08-01T14:15|150|-|-|-;flight|-32222|8948|13870|2022-08-01T15:45|9320|2022-08-01T17:00|75|-|-|-&carriers=-32222&operators=-32221;-32639&passengers=1&channel=website&cabin_class=economy&facilitated=false&fps_session_id=5637b307-9902-46e4-aa2c-4702a753f864&ticket_price=650.00&is_npt=false&is_multipart=false&client_id=skyscanner_website&request_id=fcedc591-f167-475d-bad8-789eb3fe47d8&q_ids=H4sIAAAAAAAAAOOS4mJJSs9NFGLmuKUixczxwkOhYf2c6WxGTAqMALq2a7YcAAAA|5675299906679125399|V3&q_sources=JACQUARD&commercial_filters=false&q_datetime_utc=2022-07-27T04:13:00&pqid=true"
"13554-2208010645--31901-1-9320-2208020950",bgma,499.0 EUR,2022-08-01 06:45:00,2022-08-02 09:50:00,26.08,"https://skyscanner.com//transport_deeplink/4.0/MA/en-GB/EUR/bgma/1/13554.9320.2022-08-01/air/trava/flights?itinerary=flight|-31901|500|13554|2022-08-01T06:45|10694|2022-08-01T09:35|110|-|-|-;flight|-31901|6201|10694|2022-08-02T06:00|9320|2022-08-02T09:50|230|-|-|-&carriers=-31901&operators=-31901;-31901&passengers=1&channel=website&cabin_class=economy&facilitated=false&fps_session_id=5637b307-9902-46e4-aa2c-4702a753f864&ticket_price=499.00&is_npt=false&is_multipart=false&client_id=skyscanner_website&request_id=fcedc591-f167-475d-bad8-789eb3fe47d8&q_ids=H4sIAAAAAAAAAOOS4mJJSs9NFGLmuKUixczxwkOhYf2c6WxGTAqMALq2a7YcAAAA|-7525240534813775870|V3&q_sources=JACQUARD&commercial_filters=false&q_datetime_utc=2022-07-27T04:13:00&pqid=true"
"13542-2208011940--32480-0-9320-2208012320",lolt,370.05 EUR,2022-08-01 19:40:00,2022-08-01 23:20:00,2.67,"https://skyscanner.com//transport_deeplink/4.0/MA/en-GB/EUR/lolt/1/13542.9320.2022-08-01/air/trava/flights?itinerary=flight|-32480|8107|13542|2022-08-01T19:40|9320|2022-08-01T23:20|160|-|-|-&carriers=-32480&operators=-31685&passengers=1&channel=website&cabin_class=economy&facilitated=false&fps_session_id=5637b307-9902-46e4-aa2c-4702a753f864&ticket_price=370.05&is_npt=false&is_multipart=false&client_id=skyscanner_website&request_id=fcedc591-f167-475d-bad8-789eb3fe47d8&q_ids=H4sIAAAAAAAAAOOS4mLJyc8pEWLmuKUixczxwkOhYf2c6WxGTAqMAHtqDQUcAAAA|-3683055333631423753|V3&q_sources=JACQUARD&commercial_filters=false&q_datetime_utc=2022-07-27T04:13:00&pqid=false"
"13554-2208010720--32480-1-9320-2208011700",lolt,601.74 EUR,2022-08-01 07:20:00,2022-08-01 17:00:00,8.67,"https://skyscanner.com//transport_deeplink/4.0/MA/en-GB/EUR/lolt/1/13554.9320.2022-08-01/air/trava/flights?itinerary=flight|-32480|458|13554|2022-08-01T07:20|13870|2022-08-01T10:50|150|-|-|-;flight|-32480|7126|13870|2022-08-01T15:45|9320|2022-08-01T17:00|75|-|-|-&carriers=-32480&operators=-32480;-32639&passengers=1&channel=website&cabin_class=economy&facilitated=false&fps_session_id=5637b307-9902-46e4-aa2c-4702a753f864&ticket_price=601.74&is_npt=false&is_multipart=false&client_id=skyscanner_website&request_id=fcedc591-f167-475d-bad8-789eb3fe47d8&q_ids=H4sIAAAAAAAAAOOS4mLJyc8pEWLmuKUixczxwkOhYf2c6WxGTAqMAHtqDQUcAAAA|-5347258079069605608|V3&q_sources=JACQUARD&commercial_filters=false&q_datetime_utc=2022-07-27T04:13:00&pqid=false"
"13554-2208010720--32222-1-9320-2208011700",ctma,660.0 EUR,2022-08-01 07:20:00,2022-08-01 17:00:00,8.67,"https://skyscanner.com//transport_deeplink/4.0/MA/en-GB/EUR/ctma/1/13554.9320.2022-08-01/air/trava/flights?itinerary=flight|-32222|7460|13554|2022-08-01T07:20|13870|2022-08-01T10:50|150|-|-|-;flight|-32222|8948|13870|2022-08-01T15:45|9320|2022-08-01T17:00|75|-|-|-&carriers=-32222&operators=-32480;-32639&passengers=1&channel=website&cabin_class=economy&facilitated=false&fps_session_id=5637b307-9902-46e4-aa2c-4702a753f864&ticket_price=660.00&is_npt=false&is_multipart=false&client_id=skyscanner_website&request_id=fcedc591-f167-475d-bad8-789eb3fe47d8&q_ids=H4sIAAAAAAAAAOOS4mJJLslNFGLmuKUixczxwkOhYf2c6WxGTAqMAOxs2UAcAAAA|-3345367612751530671|V3&q_sources=JACQUARD&commercial_filters=false&q_datetime_utc=2022-07-27T04:13:00&pqid=true"
"13554-2208011945--32480-1-9320-2208021700",lolt,481.23 EUR,2022-08-01 19:45:00,2022-08-02 17:00:00,20.25,"https://skyscanner.com//transport_deeplink/4.0/MA/en-GB/EUR/lolt/1/13554.9320.2022-08-01/air/trava/flights?itinerary=flight|-32480|7065|13554|2022-08-01T19:45|13870|2022-08-01T23:15|150|-|-|-;flight|-32480|7126|13870|2022-08-02T15:45|9320|2022-08-02T17:00|75|-|-|-&carriers=-32480&operators=-32222;-32639&passengers=1&channel=website&cabin_class=economy&facilitated=false&fps_session_id=5637b307-9902-46e4-aa2c-4702a753f864&ticket_price=481.23&is_npt=false&is_multipart=false&client_id=skyscanner_website&request_id=fcedc591-f167-475d-bad8-789eb3fe47d8&q_ids=H4sIAAAAAAAAAOOS4mLJyc8pEWLmuKUixczxwkOhYf2c6WxGTAqMAHtqDQUcAAAA|-6886917851823316553|V3&q_sources=JACQUARD&commercial_filters=false&q_datetime_utc=2022-07-27T04:13:00&pqid=false"
"13554-2208011945--32677-1-9320-2208022335",lolt,470.46 EUR,2022-08-01 19:45:00,2022-08-02 23:35:00,26.83,"https://skyscanner.com//transport_deeplink/4.0/MA/en-GB/EUR/lolt/1/13554.9320.2022-08-01/air/trava/flights?itinerary=flight|-32677|1181|13554|2022-08-01T19:45|10413|2022-08-01T22:00|75|-|-|-;flight|-32677|9440|10413|2022-08-02T21:00|9320|2022-08-02T23:35|155|-|-|-&carriers=-32677&operators=-32677;-32677&passengers=1&channel=website&cabin_class=economy&facilitated=false&fps_session_id=5637b307-9902-46e4-aa2c-4702a753f864&ticket_price=470.46&is_npt=false&is_multipart=false&client_id=skyscanner_website&request_id=fcedc591-f167-475d-bad8-789eb3fe47d8&q_ids=H4sIAAAAAAAAAOOS4mLJyc8pEWLmuKUixczxwkOhYf2c6WxGTAqMAHtqDQUcAAAA|-7211865978336127112|V3&q_sources=JACQUARD&commercial_filters=false&q_datetime_utc=2022-07-27T04:13:00&pqid=false"
"13554-2208011915--32132-1-9320-2208021235",klm1,574.63 EUR,2022-08-01 19:15:00,2022-08-02 12:35:00,16.33,"https://skyscanner.com//transport_deeplink/4.0/MA/en-GB/EUR/klm1/1/13554.9320.2022-08-01/air/airli/flights?itinerary=flight|-32132|1030|13554|2022-08-01T19:15|9451|2022-08-01T21:25|70|BS50BALG|B|-;flight|-32132|1037|9451|2022-08-02T09:40|9320|2022-08-02T12:35|175|BS50BALG|B|-&carriers=-32132&operators=-32131;-32132&passengers=1&channel=website&cabin_class=economy&facilitated=false&fps_session_id=5637b307-9902-46e4-aa2c-4702a753f864&ticket_price=574.63&is_npt=false&is_multipart=false&client_id=skyscanner_website&request_id=fcedc591-f167-475d-bad8-789eb3fe47d8&q_ids=H4sIAAAAAAAAAOOS4mLJzsk1FGLmuKUixczxwkOhYf2c6WxGTAqMACXKGiwcAAAA|7490114990972529468|V3&q_sources=JACQUARD&commercial_filters=false&q_datetime_utc=2022-07-27T04:13:00&pqid=false"
"16574-2208011545--31915-0-9320-2208011935",ebfc,384.54 EUR,2022-08-01 15:45:00,2022-08-01 19:35:00,2.83,"https://skyscanner.com//transport_deeplink/4.0/MA/en-GB/EUR/ebfc/1/16574.9320.2022-08-01/air/trava/flights?itinerary=flight|-31915|8168|16574|2022-08-01T15:45|9320|2022-08-01T19:35|170|-|-|-&carriers=-31915&operators=-32762&passengers=1&channel=website&cabin_class=economy&facilitated=false&fps_session_id=5637b307-9902-46e4-aa2c-4702a753f864&ticket_price=384.54&is_npt=false&is_multipart=false&client_id=skyscanner_website&request_id=fcedc591-f167-475d-bad8-789eb3fe47d8&q_ids=H4sIAAAAAAAAAOOS4mJJTUpLFmLmuKUixczxwkOhYf2c6WxGTAqMALdAo3gcAAAA|-3660748431325008586|V3&q_sources=JACQUARD&commercial_filters=false&q_datetime_utc=2022-07-27T04:13:00&pqid=true"
"13554-2208011935--32332-1-9320-2208020915",gtfr,462.99 EUR,2022-08-01 19:35:00,2022-08-02 09:15:00,12.67,"https://skyscanner.com//transport_deeplink/4.0/MA/en-GB/EUR/gtfr/1/13554.9320.2022-08-01/air/trava/flights?itinerary=flight|-32332|9463|13554|2022-08-01T19:35|11165|2022-08-01T22:00|85|-|-|-;flight|-32332|9536|11165|2022-08-02T06:10|9320|2022-08-02T09:15|185|-|-|-&carriers=-32332&operators=-32332;-32332&passengers=1&channel=website&cabin_class=economy&facilitated=false&fps_session_id=5637b307-9902-46e4-aa2c-4702a753f864&ticket_price=462.99&is_npt=false&is_multipart=false&client_id=skyscanner_website&request_id=fcedc591-f167-475d-bad8-789eb3fe47d8&q_ids=H4sIAAAAAAAAAOOS4mJJL0krEmLmuKUixczxwkOhYf2c6WxGTAqMAPzpHpkcAAAA|541683276350233122|V3&q_sources=JACQUARD&commercial_filters=false&q_datetime_utc=2022-07-27T04:13:00&pqid=true"
"13542-2208011010--32222-0-9320-2208011350",lolt,350.39 EUR,2022-08-01 10:10:00,2022-08-01 13:50:00,2.67,"https://skyscanner.com//transport_deeplink/4.0/MA/en-GB/EUR/lolt/1/13542.9320.2022-08-01/air/trava/flights?itinerary=flight|-32222|5961|13542|2022-08-01T10:10|9320|2022-08-01T13:50|160|-|-|-&carriers=-32222&operators=-31685&passengers=1&channel=website&cabin_class=economy&facilitated=false&fps_session_id=5637b307-9902-46e4-aa2c-4702a753f864&ticket_price=350.39&is_npt=false&is_multipart=false&client_id=skyscanner_website&request_id=fcedc591-f167-475d-bad8-789eb3fe47d8&q_ids=H4sIAAAAAAAAAOOS4mLJyc8pEWLmuKUixczxwkOhYf2c6WxGTAqMAHtqDQUcAAAA|7456960057867318171|V3&q_sources=JACQUARD&commercial_filters=false&q_datetime_utc=2022-07-27T04:13:00&pqid=false"
"16574-2208012210--31734-2-9320-2208021720",turk,1401.67 EUR,2022-08-01 22:10:00,2022-08-02 17:20:00,18.17,"https://skyscanner.com//transport_deeplink/4.0/MA/en-GB/EUR/turk/1/16574.9320.2022-08-01/air/airli/flights?itinerary=flight|-31734|4323|16574|2022-08-01T22:10|9692|2022-08-02T04:10|240|YHYAAJRR|Y|JR;flight|-31734|7537|9692|2022-08-02T06:20|16096|2022-08-02T07:35|75|YHYAAJRR|Y|JR;flight|-31734|1303|12585|2022-08-02T13:50|9320|2022-08-02T17:20|270|YHTCLR|Y|CL&carriers=-31734&operators=-32570;-32570;-31734&passengers=1&channel=website&cabin_class=economy&facilitated=false&fps_session_id=5637b307-9902-46e4-aa2c-4702a753f864&ticket_price=1401.67&is_npt=false&is_multipart=false&client_id=skyscanner_website&request_id=fcedc591-f167-475d-bad8-789eb3fe47d8&q_ids=H4sIAAAAAAAAAOOS4mIpKS3KFmLmuKUixczxwkOhYf2c6WxGTAqMAHiUgiEcAAAA|-306914707593468416|V3&q_sources=JACQUARD&commercial_filters=false&q_datetime_utc=2022-07-27T03:38:00&pqid=false"
"13554-2208010805--32332-1-9320-2208011840",ebfc,502.71 EUR,2022-08-01 08:05:00,2022-08-01 18:40:00,9.58,"https://skyscanner.com//transport_deeplink/4.0/MA/en-GB/EUR/ebfc/1/13554.9320.2022-08-01/air/trava/flights?itinerary=flight|-32332|9469|13554|2022-08-01T08:05|11165|2022-08-01T10:30|85|-|-|-;flight|-32332|9534|11165|2022-08-01T15:35|9320|2022-08-01T18:40|185|-|-|-&carriers=-32332&operators=-32332;-32332&passengers=1&channel=website&cabin_class=economy&facilitated=false&fps_session_id=5637b307-9902-46e4-aa2c-4702a753f864&ticket_price=502.71&is_npt=false&is_multipart=false&client_id=skyscanner_website&request_id=fcedc591-f167-475d-bad8-789eb3fe47d8&q_ids=H4sIAAAAAAAAAOOS4mJJTUpLFmLmuKUixczxwkOhYf2c6WxGTAqMALdAo3gcAAAA|8073769947148867202|V3&q_sources=JACQUARD&commercial_filters=false&q_datetime_utc=2022-07-27T04:13:00&pqid=true"
"13542-2208011825--30972-0-9320-2208012215",wizz,206.84 EUR,2022-08-01 18:25:00,2022-08-01 22:15:00,2.83,"https://skyscanner.com//transport_deeplink/4.0/MA/en-GB/EUR/wizz/1/13542.9320.2022-08-01/air/airli/flights?itinerary=flight|-30972|5725|13542|2022-08-01T18:25|9320|2022-08-01T22:15|170|-|-|Basic&carriers=-30972&operators=-30972&passengers=1&channel=website&cabin_class=economy&facilitated=false&fps_session_id=5637b307-9902-46e4-aa2c-4702a753f864&ticket_price=206.84&is_npt=false&is_multipart=false&client_id=skyscanner_website&request_id=fcedc591-f167-475d-bad8-789eb3fe47d8&q_ids=H4sIAAAAAAAAAOOS4mIpz6yqEmLmeJYpxczxwkOhYf2c6WxGTAqMAK6ZqJ4cAAAA|5038273782497963810|V3&q_sources=JACQUARD&commercial_filters=false&q_datetime_utc=2022-07-27T04:13:00&pqid=false"
"13542-2208010545--32356-0-9320-2208010945",easy,266.79 EUR,2022-08-01 05:45:00,2022-08-01 09:45:00,3.00,"https://skyscanner.com//transport_deeplink/4.0/MA/en-GB/EUR/easy/1/13542.9320.2022-08-01/air/airli/flights?itinerary=flight|-32356|8601|13542|2022-08-01T05:45|9320|2022-08-01T09:45|180|-|-|-&carriers=-32356&operators=-32356&passengers=1&channel=website&cabin_class=economy&facilitated=false&fps_session_id=5637b307-9902-46e4-aa2c-4702a753f864&ticket_price=266.79&is_npt=false&is_multipart=false&client_id=skyscanner_website&request_id=fcedc591-f167-475d-bad8-789eb3fe47d8&q_ids=H4sIAAAAAAAAAOOS42JJTSyuFGLmuKUixczxwkOhYf2c6WxGTAqMTkwSjAD-qaDGIAAAAA|-5283812665208837478|V3&q_sources=JACQUARD&commercial_filters=false&q_datetime_utc=2022-07-27T04:13:00&pqid=false"
"13554-2208011700--31901-1-9320-2208020950",sasa,485.33 EUR,2022-08-01 17:00:00,2022-08-02 09:50:00,15.83,"https://skyscanner.com//transport_deeplink/4.0/MA/en-GB/EUR/sasa/1/13554.9320.2022-08-01/air/airli/flights?itinerary=flight|-31901|506|13554|2022-08-01T17:00|10694|2022-08-01T19:50|110|EEOGHT|E|LEMEA;flight|-31901|6201|10694|2022-08-02T06:00|9320|2022-08-02T09:50|230|EEOGHT|E|LEMEA&carriers=-31901&operators=-31901;-31901&passengers=1&channel=website&cabin_class=economy&facilitated=false&fps_session_id=5637b307-9902-46e4-aa2c-4702a753f864&ticket_price=485.33&is_npt=false&is_multipart=false&client_id=skyscanner_website&request_id=fcedc591-f167-475d-bad8-789eb3fe47d8&q_ids=H4sIAAAAAAAAAOOS4mIpTixOFGLmuKUixczxwkOhYf2c6WxGTAqMABvoqsccAAAA|1144390736970675680|V3&q_sources=JACQUARD&commercial_filters=false&q_datetime_utc=2022-07-27T04:13:00&pqid=false"
"13542-2208010945--32222-1-9320-2208011705",lolt,511.28 EUR,2022-08-01 09:45:00,2022-08-01 17:05:00,6.33,"https://skyscanner.com//transport_deeplink/4.0/MA/en-GB/EUR/lolt/1/13542.9320.2022-08-01/air/trava/flights?itinerary=flight|-32222|5763|13542|2022-08-01T09:45|9772|2022-08-01T13:00|135|-|-|-;flight|-32222|5191|9772|2022-08-01T15:25|9320|2022-08-01T17:05|100|-|-|-&carriers=-32222&operators=-31685;-31685&passengers=1&channel=website&cabin_class=economy&facilitated=false&fps_session_id=5637b307-9902-46e4-aa2c-4702a753f864&ticket_price=511.28&is_npt=false&is_multipart=false&client_id=skyscanner_website&request_id=fcedc591-f167-475d-bad8-789eb3fe47d8&q_ids=H4sIAAAAAAAAAOOS4mLJyc8pEWLmuKUixczxwkOhYf2c6WxGTAqMAHtqDQUcAAAA|109873175923800268|V3&q_sources=JACQUARD&commercial_filters=false&q_datetime_utc=2022-07-27T04:13:00&pqid=false"
"13542-2208010650--31685-1-9320-2208011410",ebfc,278.32 EUR,2022-08-01 06:50:00,2022-08-01 14:10:00,6.33,"https://skyscanner.com//transport_deeplink/4.0/MA/en-GB/EUR/ebfc/1/13542.9320.2022-08-01/air/trava/flights?itinerary=flight|-31685|6008|13542|2022-08-01T06:50|9772|2022-08-01T10:05|135|-|-|-;flight|-31685|2117|9772|2022-08-01T12:30|9320|2022-08-01T14:10|100|-|-|-&carriers=-31685&operators=-31685;-31685&passengers=1&channel=website&cabin_class=economy&facilitated=false&fps_session_id=5637b307-9902-46e4-aa2c-4702a753f864&ticket_price=278.32&is_npt=false&is_multipart=false&client_id=skyscanner_website&request_id=fcedc591-f167-475d-bad8-789eb3fe47d8&q_ids=H4sIAAAAAAAAAOOS4mJJTUpLFmLmuKUixczxwkOhYf2c6WxGTAqMALdAo3gcAAAA|-3325955508457076407|V3&q_sources=JACQUARD&commercial_filters=false&q_datetime_utc=2022-07-27T04:13:00&pqid=true"
"13465-2208012010--32132-1-9320-2208021235",klm1,831.88 EUR,2022-08-01 20:10:00,2022-08-02 12:35:00,15.42,"https://skyscanner.com//transport_deeplink/4.0/MA/en-GB/EUR/klm1/1/13465.9320.2022-08-01/air/airli/flights?itinerary=flight|-32132|998|13465|2022-08-01T20:10|9451|2022-08-01T22:15|65|CS50BENB|C|-;flight|-32132|1037|9451|2022-08-02T09:40|9320|2022-08-02T12:35|175|CS50BENB|C|-&carriers=-32132&operators=-32131;-32132&passengers=1&channel=website&cabin_class=economy&facilitated=false&fps_session_id=5637b307-9902-46e4-aa2c-4702a753f864&ticket_price=831.88&is_npt=false&is_multipart=false&client_id=skyscanner_website&request_id=fcedc591-f167-475d-bad8-789eb3fe47d8&q_ids=H4sIAAAAAAAAAOOS4mLJzsk1FGLmuKUixczxwkOhYf2c6WxGTAqMACXKGiwcAAAA|5930492784568512810|V3&q_sources=JACQUARD&commercial_filters=false&q_datetime_utc=2022-07-27T04:13:00&pqid=false"
"13554-2208010740--32753-1-9320-2208011550",lolt,680.1 EUR,2022-08-01 07:40:00,2022-08-01 15:50:00,7.17,"https://skyscanner.com//transport_deeplink/4.0/MA/en-GB/EUR/lolt/1/13554.9320.2022-08-01/air/trava/flights?itinerary=flight|-32753|151|13554|2022-08-01T07:40|11154|2022-08-01T09:00|80|-|-|-;flight|-32753|584|11154|2022-08-01T11:45|9320|2022-08-01T15:50|185|-|-|-&carriers=-32753&operators=-32753;-32753&passengers=1&channel=website&cabin_class=economy&facilitated=false&fps_session_id=5637b307-9902-46e4-aa2c-4702a753f864&ticket_price=680.10&is_npt=false&is_multipart=false&client_id=skyscanner_website&request_id=fcedc591-f167-475d-bad8-789eb3fe47d8&q_ids=H4sIAAAAAAAAAOOS4mLJyc8pEWLmuKUixczxwkOhYf2c6WxGTAqMAHtqDQUcAAAA|93341498301787418|V3&q_sources=JACQUARD&commercial_filters=false&q_datetime_utc=2022-07-27T04:13:00&pqid=false"
"13542-2208011255--31685-1-9320-2208012230",ebfc,300.05 EUR,2022-08-01 12:55:00,2022-08-01 22:30:00,8.58,"https://skyscanner.com//transport_deeplink/4.0/MA/en-GB/EUR/ebfc/1/13542.9320.2022-08-01/air/trava/flights?itinerary=flight|-31685|7833|13542|2022-08-01T12:55|9772|2022-08-01T16:10|135|-|-|-;flight|-31685|2119|9772|2022-08-01T20:50|9320|2022-08-01T22:30|100|-|-|-&carriers=-31685&operators=-31685;-31685&passengers=1&channel=website&cabin_class=economy&facilitated=false&fps_session_id=5637b307-9902-46e4-aa2c-4702a753f864&ticket_price=300.05&is_npt=false&is_multipart=false&client_id=skyscanner_website&request_id=fcedc591-f167-475d-bad8-789eb3fe47d8&q_ids=H4sIAAAAAAAAAOOS4mJJTUpLFmLmuKUixczxwkOhYf2c6WxGTAqMALdAo3gcAAAA|4361163900739473399|V3&q_sources=JACQUARD&commercial_filters=false&q_datetime_utc=2022-07-27T04:13:00&pqid=true"
"13542-2208011435--31685-1-9320-2208012335",ebfc,358.32 EUR,2022-08-01 14:35:00,2022-08-01 23:35:00,8.00,"https://skyscanner.com//transport_deeplink/4.0/MA/en-GB/EUR/ebfc/1/13542.9320.2022-08-01/air/trava/flights?itinerary=flight|-31685|7827|13542|2022-08-01T14:35|9772|2022-08-01T17:50|135|-|-|-;flight|-31685|2113|9772|2022-08-01T21:55|9320|2022-08-01T23:35|100|-|-|-&carriers=-31685&operators=-31685;-31685&passengers=1&channel=website&cabin_class=economy&facilitated=false&fps_session_id=5637b307-9902-46e4-aa2c-4702a753f864&ticket_price=358.32&is_npt=false&is_multipart=false&client_id=skyscanner_website&request_id=fcedc591-f167-475d-bad8-789eb3fe47d8&q_ids=H4sIAAAAAAAAAOOS4mJJTUpLFmLmuKUixczxwkOhYf2c6WxGTAqMALdAo3gcAAAA|4629251188143517730|V3&q_sources=JACQUARD&commercial_filters=false&q_datetime_utc=2022-07-27T04:13:00&pqid=true"
